{
  "ngDeps": {
    "1": "",
    "3": [
      {
        "1": "dart:async",
        "5": false
      },
      {
        "1": "package:angular2/core.dart",
        "5": false
      },
      {
        "1": "package:angular2/src/core/change_detection/differs/default_iterable_differ.dart",
        "5": false
      },
      {
        "1": "package:observable/observable.dart",
        "2": [
          "ObservableList"
        ],
        "5": false
      }
    ],
    "6": "observable_list_diff.dart",
    "7": [
      {
        "1": "package:angular2/core.template.dart",
        "4": "i0"
      },
      {
        "1": "package:angular2/src/core/change_detection/differs/default_iterable_differ.template.dart",
        "4": "i1"
      }
    ]
  },
  "type": {
    "ObservableListDiff": {
      "class": "Identifier",
      "name": "ObservableListDiff",
      "moduleUrl": "asset:angular2/lib/src/common/directives/observable_list_diff.dart",
      "prefix": null,
      "value": null
    },
    "ObservableListDiffFactory": {
      "class": "Identifier",
      "name": "ObservableListDiffFactory",
      "moduleUrl": "asset:angular2/lib/src/common/directives/observable_list_diff.dart",
      "prefix": null,
      "value": null
    }
  },
  "alias": {}
}