{
  "ngDeps": {
    "1": "",
    "3": [
      {
        "1": "package:angular2/src/debug/debug_context.dart",
        "2": [
          "StaticNodeDebugInfo"
        ],
        "5": false
      },
      {
        "1": "package:angular2/src/core/linker/app_element.dart",
        "5": false
      },
      {
        "1": "package:angular2/src/core/linker/app_view.dart",
        "5": false
      },
      {
        "1": "package:angular2/src/debug/debug_app_view.dart",
        "5": false
      },
      {
        "1": "package:angular2/src/facade/exceptions.dart",
        "2": [
          "BaseException"
        ],
        "5": false
      },
      {
        "1": "dynamic_instance.dart",
        "5": false
      }
    ],
    "6": "interpretive_view.dart"
  },
  "type": {
    "InterpretiveAppViewInstanceFactory": {
      "class": "Identifier",
      "name": "InterpretiveAppViewInstanceFactory",
      "moduleUrl": "asset:angular2/lib/src/compiler/output/interpretive_view.dart",
      "prefix": null,
      "value": null
    },
    "_InterpretiveAppView": {
      "class": "Identifier",
      "name": "_InterpretiveAppView",
      "moduleUrl": "asset:angular2/lib/src/compiler/output/interpretive_view.dart",
      "prefix": null,
      "value": null
    }
  },
  "alias": {}
}