{
  "ngDeps": {
    "1": "angular2.instrumentation",
    "4": [
      {
        "1": "src/core/profile/profile.dart",
        "2": [
          "wtfCreateScope",
          "wtfLeave",
          "wtfStartTimeRange",
          "wtfEndTimeRange",
          "WtfScopeFn"
        ]
      }
    ],
    "6": "instrumentation.dart",
    "7": [
      {
        "1": "src/core/profile/profile.template.dart",
        "4": "i0"
      }
    ]
  },
  "type": {
    "noopScope": {
      "class": "Identifier",
      "name": "noopScope",
      "moduleUrl": "asset:angular2/lib/src/core/profile/profile.dart",
      "prefix": null,
      "value": null
    },
    "WtfScopeFn": {
      "class": "Identifier",
      "name": "WtfScopeFn",
      "moduleUrl": "asset:angular2/lib/src/core/profile/wtf_impl.dart",
      "prefix": null,
      "value": null
    },
    "detectWTF": {
      "class": "Identifier",
      "name": "detectWTF",
      "moduleUrl": "asset:angular2/lib/src/core/profile/wtf_impl.dart",
      "prefix": null,
      "value": null
    },
    "getArgSize": {
      "class": "Identifier",
      "name": "getArgSize",
      "moduleUrl": "asset:angular2/lib/src/core/profile/wtf_impl.dart",
      "prefix": null,
      "value": null
    },
    "createScope": {
      "class": "Identifier",
      "name": "createScope",
      "moduleUrl": "asset:angular2/lib/src/core/profile/wtf_impl.dart",
      "prefix": null,
      "value": null
    },
    "leave": {
      "class": "Identifier",
      "name": "leave",
      "moduleUrl": "asset:angular2/lib/src/core/profile/wtf_impl.dart",
      "prefix": null,
      "value": null
    },
    "startTimeRange": {
      "class": "Identifier",
      "name": "startTimeRange",
      "moduleUrl": "asset:angular2/lib/src/core/profile/wtf_impl.dart",
      "prefix": null,
      "value": null
    },
    "endTimeRange": {
      "class": "Identifier",
      "name": "endTimeRange",
      "moduleUrl": "asset:angular2/lib/src/core/profile/wtf_impl.dart",
      "prefix": null,
      "value": null
    }
  },
  "alias": {}
}