{
  "ngDeps": {
    "1": "",
    "3": [
      {
        "1": "../model.dart",
        "2": [
          "AbstractControl"
        ],
        "5": false
      }
    ],
    "6": "abstract_control_directive.dart",
    "7": [
      {
        "1": "../model.template.dart",
        "4": "i0"
      }
    ]
  },
  "type": {
    "AbstractControlDirective": {
      "class": "Identifier",
      "name": "AbstractControlDirective",
      "moduleUrl": "asset:angular2/lib/src/common/forms/directives/abstract_control_directive.dart",
      "prefix": null,
      "value": null
    }
  },
  "alias": {}
}