{
  "ngDeps": {
    "1": "",
    "3": [
      {
        "1": "abstract_control_directive.dart",
        "2": [
          "AbstractControlDirective"
        ],
        "5": false
      },
      {
        "1": "form_interface.dart",
        "2": [
          "Form"
        ],
        "5": false
      },
      {
        "1": "../model.dart",
        "2": [
          "AbstractControl"
        ],
        "5": false
      }
    ],
    "6": "control_container.dart",
    "7": [
      {
        "1": "abstract_control_directive.template.dart",
        "4": "i0"
      },
      {
        "1": "form_interface.template.dart",
        "4": "i1"
      },
      {
        "1": "../model.template.dart",
        "4": "i2"
      }
    ]
  },
  "type": {
    "ControlContainer": {
      "class": "Identifier",
      "name": "ControlContainer",
      "moduleUrl": "asset:angular2/lib/src/common/forms/directives/control_container.dart",
      "prefix": null,
      "value": null
    }
  },
  "alias": {}
}