{
  "ngDeps": {
    "1": "",
    "3": [
      {
        "1": "package:angular2/di.dart",
        "2": [
          "OpaqueToken"
        ],
        "5": false
      }
    ],
    "6": "control_value_accessor.dart"
  },
  "type": {
    "NG_VALUE_ACCESSOR": {
      "class": "Identifier",
      "name": "NG_VALUE_ACCESSOR",
      "moduleUrl": "asset:angular2/lib/src/common/forms/directives/control_value_accessor.dart",
      "prefix": null,
      "value": null
    },
    "ControlValueAccessor": {
      "class": "Identifier",
      "name": "ControlValueAccessor",
      "moduleUrl": "asset:angular2/lib/src/common/forms/directives/control_value_accessor.dart",
      "prefix": null,
      "value": null
    }
  },
  "alias": {}
}