{
  "ngDeps": {
    "1": "",
    "3": [
      {
        "1": "../model.dart",
        "2": [
          "Control",
          "ControlGroup"
        ],
        "5": false
      },
      {
        "1": "ng_control.dart",
        "2": [
          "NgControl"
        ],
        "5": false
      },
      {
        "1": "ng_control_group.dart",
        "2": [
          "NgControlGroup"
        ],
        "5": false
      }
    ],
    "6": "form_interface.dart"
  },
  "type": {
    "Form": {
      "class": "Identifier",
      "name": "Form",
      "moduleUrl": "asset:angular2/lib/src/common/forms/directives/form_interface.dart",
      "prefix": null,
      "value": null
    }
  },
  "alias": {}
}