{
  "ngDeps": {
    "1": "",
    "3": [
      {
        "1": "abstract_control_directive.dart",
        "2": [
          "AbstractControlDirective"
        ],
        "5": false
      },
      {
        "1": "control_value_accessor.dart",
        "2": [
          "ControlValueAccessor"
        ],
        "5": false
      },
      {
        "1": "validators.dart",
        "2": [
          "AsyncValidatorFn",
          "ValidatorFn"
        ],
        "5": false
      }
    ],
    "6": "ng_control.dart",
    "7": [
      {
        "1": "abstract_control_directive.template.dart",
        "4": "i0"
      },
      {
        "1": "control_value_accessor.template.dart",
        "4": "i1"
      },
      {
        "1": "validators.template.dart",
        "4": "i2"
      }
    ]
  },
  "type": {
    "NgControl": {
      "class": "Identifier",
      "name": "NgControl",
      "moduleUrl": "asset:angular2/lib/src/common/forms/directives/ng_control.dart",
      "prefix": null,
      "value": null
    }
  },
  "alias": {}
}