{
  "ngDeps": {
    "1": "",
    "3": [
      {
        "1": "package:angular2/src/common/forms/directives/validators.dart",
        "2": [
          "Validator",
          "ValidatorFn"
        ],
        "5": false
      }
    ],
    "6": "normalize_validator.dart",
    "7": [
      {
        "1": "package:angular2/src/common/forms/directives/validators.template.dart",
        "4": "i0"
      }
    ]
  },
  "type": {
    "normalizeValidator": {
      "class": "Identifier",
      "name": "normalizeValidator",
      "moduleUrl": "asset:angular2/lib/src/common/forms/directives/normalize_validator.dart",
      "prefix": null,
      "value": null
    },
    "normalizeAsyncValidator": {
      "class": "Identifier",
      "name": "normalizeAsyncValidator",
      "moduleUrl": "asset:angular2/lib/src/common/forms/directives/normalize_validator.dart",
      "prefix": null,
      "value": null
    }
  },
  "alias": {}
}