{
  "ngDeps": {
    "1": "",
    "3": [
      {
        "1": "package:angular2/core.dart",
        "2": [
          "Directive",
          "ElementRef",
          "Renderer",
          "Provider"
        ],
        "5": false
      },
      {
        "1": "control_value_accessor.dart",
        "2": [
          "NG_VALUE_ACCESSOR",
          "ControlValueAccessor"
        ],
        "5": false
      }
    ],
    "5": [
      {
        "1": "NumberValueAccessor",
        "5": [
          {
            "1": "Renderer",
            "4": "_renderer"
          },
          {
            "1": "ElementRef",
            "4": "_elementRef"
          }
        ],
        "6": [
          "ControlValueAccessor"
        ]
      }
    ],
    "6": "number_value_accessor.dart",
    "7": [
      {
        "1": "package:angular2/core.template.dart",
        "4": "i0"
      },
      {
        "1": "control_value_accessor.template.dart",
        "4": "i1"
      }
    ]
  },
  "type": {
    "NUMBER_VALUE_ACCESSOR": {
      "class": "Identifier",
      "name": "NUMBER_VALUE_ACCESSOR",
      "moduleUrl": "asset:angular2/lib/src/common/forms/directives/number_value_accessor.dart",
      "prefix": null,
      "value": [
        {
          "class": "Provider",
          "token": {
            "value": null,
            "identifier": {
              "class": "Identifier",
              "name": "NG_VALUE_ACCESSOR",
              "moduleUrl": "asset:angular2/lib/src/common/forms/directives/control_value_accessor.dart",
              "prefix": null,
              "value": null
            },
            "identifierIsInstance": false
          },
          "useClass": null,
          "useExisting": {
            "value": null,
            "identifier": {
              "class": "Type",
              "name": "NumberValueAccessor",
              "moduleUrl": "asset:angular2/lib/src/common/forms/directives/number_value_accessor.dart",
              "prefix": null,
              "isHost": false,
              "value": null,
              "diDeps": [
                {
                  "token": {
                    "value": null,
                    "identifier": {
                      "class": "Identifier",
                      "name": "Renderer",
                      "moduleUrl": "asset:angular2/lib/src/core/render/api.dart",
                      "prefix": null,
                      "value": null
                    },
                    "identifierIsInstance": false
                  },
                  "query": null,
                  "viewQuery": null,
                  "value": null,
                  "isAttribute": false,
                  "isSelf": false,
                  "isHost": false,
                  "isSkipSelf": false,
                  "isOptional": false,
                  "isValue": false
                },
                {
                  "token": {
                    "value": null,
                    "identifier": {
                      "class": "Identifier",
                      "name": "ElementRef",
                      "moduleUrl": "asset:angular2/lib/src/core/linker/element_ref.dart",
                      "prefix": null,
                      "value": null
                    },
                    "identifierIsInstance": false
                  },
                  "query": null,
                  "viewQuery": null,
                  "value": null,
                  "isAttribute": false,
                  "isSelf": false,
                  "isHost": false,
                  "isSkipSelf": false,
                  "isOptional": false,
                  "isValue": false
                }
              ]
            },
            "identifierIsInstance": false
          },
          "useValue": null,
          "useFactory": null,
          "useProperty": null,
          "multi": true,
          "deps": null
        }
      ]
    },
    "NumberValueAccessor": {
      "class": "Directive",
      "isComponent": false,
      "selector": "input[type=number][ngControl],input[type=number][ngFormControl],input[type=number][ngModel]",
      "exportAs": null,
      "type": {
        "class": "Type",
        "name": "NumberValueAccessor",
        "moduleUrl": "asset:angular2/lib/src/common/forms/directives/number_value_accessor.dart",
        "prefix": null,
        "isHost": false,
        "value": null,
        "diDeps": [
          {
            "token": {
              "value": null,
              "identifier": {
                "class": "Identifier",
                "name": "Renderer",
                "moduleUrl": "asset:angular2/lib/src/core/render/api.dart",
                "prefix": null,
                "value": null
              },
              "identifierIsInstance": false
            },
            "query": null,
            "viewQuery": null,
            "value": null,
            "isAttribute": false,
            "isSelf": false,
            "isHost": false,
            "isSkipSelf": false,
            "isOptional": false,
            "isValue": false
          },
          {
            "token": {
              "value": null,
              "identifier": {
                "class": "Identifier",
                "name": "ElementRef",
                "moduleUrl": "asset:angular2/lib/src/core/linker/element_ref.dart",
                "prefix": null,
                "value": null
              },
              "identifierIsInstance": false
            },
            "query": null,
            "viewQuery": null,
            "value": null,
            "isAttribute": false,
            "isSelf": false,
            "isHost": false,
            "isSkipSelf": false,
            "isOptional": false,
            "isValue": false
          }
        ]
      },
      "changeDetection": 5,
      "inputs": {},
      "outputs": {},
      "hostListeners": {
        "input": "onChange($event.target.value)",
        "blur": "onTouched()",
        "change": "onChange($event.target.value)"
      },
      "hostProperties": {},
      "hostAttributes": {},
      "lifecycleHooks": [],
      "template": null,
      "providers": [
        {
          "class": "Provider",
          "token": {
            "value": null,
            "identifier": {
              "class": "Identifier",
              "name": "NG_VALUE_ACCESSOR",
              "moduleUrl": "asset:angular2/lib/src/common/forms/directives/control_value_accessor.dart",
              "prefix": null,
              "value": null
            },
            "identifierIsInstance": false
          },
          "useClass": null,
          "useExisting": {
            "value": null,
            "identifier": {
              "class": "Type",
              "name": "NumberValueAccessor",
              "moduleUrl": "asset:angular2/lib/src/common/forms/directives/number_value_accessor.dart",
              "prefix": null,
              "isHost": false,
              "value": null,
              "diDeps": [
                {
                  "token": {
                    "value": null,
                    "identifier": {
                      "class": "Identifier",
                      "name": "Renderer",
                      "moduleUrl": "asset:angular2/lib/src/core/render/api.dart",
                      "prefix": null,
                      "value": null
                    },
                    "identifierIsInstance": false
                  },
                  "query": null,
                  "viewQuery": null,
                  "value": null,
                  "isAttribute": false,
                  "isSelf": false,
                  "isHost": false,
                  "isSkipSelf": false,
                  "isOptional": false,
                  "isValue": false
                },
                {
                  "token": {
                    "value": null,
                    "identifier": {
                      "class": "Identifier",
                      "name": "ElementRef",
                      "moduleUrl": "asset:angular2/lib/src/core/linker/element_ref.dart",
                      "prefix": null,
                      "value": null
                    },
                    "identifierIsInstance": false
                  },
                  "query": null,
                  "viewQuery": null,
                  "value": null,
                  "isAttribute": false,
                  "isSelf": false,
                  "isHost": false,
                  "isSkipSelf": false,
                  "isOptional": false,
                  "isValue": false
                }
              ]
            },
            "identifierIsInstance": false
          },
          "useValue": null,
          "useFactory": null,
          "useProperty": null,
          "multi": true,
          "deps": null
        }
      ],
      "viewProviders": [],
      "queries": [],
      "viewQueries": []
    }
  },
  "alias": {}
}