{
  "ngDeps": {
    "1": "",
    "3": [
      {
        "1": "package:angular2/core.dart",
        "2": [
          "Directive",
          "ElementRef",
          "Renderer",
          "Provider",
          "Input",
          "OnInit",
          "OnDestroy",
          "Injector",
          "Injectable"
        ],
        "5": false
      },
      {
        "1": "package:angular2/src/common/forms/directives/control_value_accessor.dart",
        "2": [
          "NG_VALUE_ACCESSOR",
          "ControlValueAccessor"
        ],
        "5": false
      },
      {
        "1": "package:angular2/src/common/forms/directives/ng_control.dart",
        "2": [
          "NgControl"
        ],
        "5": false
      }
    ],
    "5": [
      {
        "1": "RadioControlRegistry",
        "4": [
          {
            "1": "Injectable",
            "4": false
          }
        ]
      },
      {
        "1": "RadioControlValueAccessor",
        "5": [
          {
            "1": "Renderer",
            "4": "_renderer"
          },
          {
            "1": "ElementRef",
            "4": "_elementRef"
          },
          {
            "1": "RadioControlRegistry",
            "4": "_registry"
          },
          {
            "1": "Injector",
            "4": "_injector"
          }
        ],
        "6": [
          "ControlValueAccessor",
          "OnDestroy",
          "OnInit"
        ]
      }
    ],
    "6": "radio_control_value_accessor.dart"
  },
  "type": {
    "RADIO_VALUE_ACCESSOR": {
      "class": "Identifier",
      "name": "RADIO_VALUE_ACCESSOR",
      "moduleUrl": "asset:angular2/lib/src/common/forms/directives/radio_control_value_accessor.dart",
      "prefix": null,
      "value": {
        "class": "Provider",
        "token": {
          "value": null,
          "identifier": {
            "class": "Identifier",
            "name": "NG_VALUE_ACCESSOR",
            "moduleUrl": null,
            "prefix": null,
            "value": null
          },
          "identifierIsInstance": false
        },
        "useClass": null,
        "useExisting": {
          "value": null,
          "identifier": {
            "class": "Identifier",
            "name": "RadioControlValueAccessor",
            "moduleUrl": null,
            "prefix": null,
            "value": null
          },
          "identifierIsInstance": false
        },
        "useValue": null,
        "useFactory": null,
        "useProperty": null,
        "multi": true,
        "deps": null
      }
    },
    "RadioControlRegistry": {
      "class": "Type",
      "name": "RadioControlRegistry",
      "moduleUrl": "asset:angular2/lib/src/common/forms/directives/radio_control_value_accessor.dart",
      "prefix": null,
      "isHost": false,
      "value": null,
      "diDeps": []
    },
    "RadioButtonState": {
      "class": "Identifier",
      "name": "RadioButtonState",
      "moduleUrl": "asset:angular2/lib/src/common/forms/directives/radio_control_value_accessor.dart",
      "prefix": null,
      "value": null
    },
    "RadioControlValueAccessor": {
      "class": "Directive",
      "isComponent": false,
      "selector": "input[type=radio][ngControl],input[type=radio][ngFormControl],input[type=radio][ngModel]",
      "exportAs": null,
      "type": {
        "class": "Type",
        "name": "RadioControlValueAccessor",
        "moduleUrl": "asset:angular2/lib/src/common/forms/directives/radio_control_value_accessor.dart",
        "prefix": null,
        "isHost": false,
        "value": null,
        "diDeps": [
          {
            "token": {
              "value": null,
              "identifier": {
                "class": "Identifier",
                "name": "Renderer",
                "moduleUrl": null,
                "prefix": null,
                "value": null
              },
              "identifierIsInstance": false
            },
            "query": null,
            "viewQuery": null,
            "value": null,
            "isAttribute": false,
            "isSelf": false,
            "isHost": false,
            "isSkipSelf": false,
            "isOptional": false,
            "isValue": false
          },
          {
            "token": {
              "value": null,
              "identifier": {
                "class": "Identifier",
                "name": "ElementRef",
                "moduleUrl": null,
                "prefix": null,
                "value": null
              },
              "identifierIsInstance": false
            },
            "query": null,
            "viewQuery": null,
            "value": null,
            "isAttribute": false,
            "isSelf": false,
            "isHost": false,
            "isSkipSelf": false,
            "isOptional": false,
            "isValue": false
          },
          {
            "token": {
              "value": null,
              "identifier": {
                "class": "Identifier",
                "name": "RadioControlRegistry",
                "moduleUrl": null,
                "prefix": null,
                "value": null
              },
              "identifierIsInstance": false
            },
            "query": null,
            "viewQuery": null,
            "value": null,
            "isAttribute": false,
            "isSelf": false,
            "isHost": false,
            "isSkipSelf": false,
            "isOptional": false,
            "isValue": false
          },
          {
            "token": {
              "value": null,
              "identifier": {
                "class": "Identifier",
                "name": "Injector",
                "moduleUrl": null,
                "prefix": null,
                "value": null
              },
              "identifierIsInstance": false
            },
            "query": null,
            "viewQuery": null,
            "value": null,
            "isAttribute": false,
            "isSelf": false,
            "isHost": false,
            "isSkipSelf": false,
            "isOptional": false,
            "isValue": false
          }
        ]
      },
      "changeDetection": 5,
      "inputs": {
        "name": "name"
      },
      "outputs": {},
      "hostListeners": {
        "blur": "onTouched()",
        "change": "onChange()"
      },
      "hostProperties": {},
      "hostAttributes": {},
      "lifecycleHooks": [
        1,
        0
      ],
      "template": null,
      "providers": [
        {
          "class": "Identifier",
          "name": "RADIO_VALUE_ACCESSOR",
          "moduleUrl": null,
          "prefix": null,
          "value": null
        }
      ],
      "viewProviders": [],
      "queries": [],
      "viewQueries": []
    }
  },
  "alias": {}
}