{
  "ngDeps": {
    "1": "",
    "3": [
      {
        "1": "package:angular2/core.dart",
        "2": [
          "Directive",
          "Renderer",
          "Provider",
          "ElementRef",
          "Input",
          "Host",
          "OnDestroy",
          "Optional"
        ],
        "5": false
      },
      {
        "1": "package:angular2/src/facade/lang.dart",
        "2": [
          "isPrimitive",
          "looseIdentical"
        ],
        "5": false
      },
      {
        "1": "control_value_accessor.dart",
        "2": [
          "NG_VALUE_ACCESSOR",
          "ControlValueAccessor"
        ],
        "5": false
      }
    ],
    "5": [
      {
        "1": "SelectControlValueAccessor",
        "5": [
          {
            "1": "Renderer",
            "4": "_renderer"
          },
          {
            "1": "ElementRef",
            "4": "_elementRef"
          }
        ],
        "6": [
          "ControlValueAccessor"
        ]
      },
      {
        "1": "NgSelectOption",
        "5": [
          {
            "1": "ElementRef",
            "4": "_element"
          },
          {
            "1": "Renderer",
            "4": "_renderer"
          },
          {
            "1": "SelectControlValueAccessor",
            "3": [
              "const Optional()",
              "const Host()"
            ],
            "4": "_select"
          }
        ],
        "6": [
          "OnDestroy"
        ]
      }
    ],
    "6": "select_control_value_accessor.dart"
  },
  "type": {
    "SELECT_VALUE_ACCESSOR": {
      "class": "Identifier",
      "name": "SELECT_VALUE_ACCESSOR",
      "moduleUrl": "asset:angular2/lib/src/common/forms/directives/select_control_value_accessor.dart",
      "prefix": null,
      "value": {
        "class": "Provider",
        "token": {
          "value": null,
          "identifier": {
            "class": "Identifier",
            "name": "NG_VALUE_ACCESSOR",
            "moduleUrl": null,
            "prefix": null,
            "value": null
          },
          "identifierIsInstance": false
        },
        "useClass": null,
        "useExisting": {
          "value": null,
          "identifier": {
            "class": "Identifier",
            "name": "SelectControlValueAccessor",
            "moduleUrl": null,
            "prefix": null,
            "value": null
          },
          "identifierIsInstance": false
        },
        "useValue": null,
        "useFactory": null,
        "useProperty": null,
        "multi": true,
        "deps": null
      }
    },
    "_buildValueString": {
      "class": "Identifier",
      "name": "_buildValueString",
      "moduleUrl": "asset:angular2/lib/src/common/forms/directives/select_control_value_accessor.dart",
      "prefix": null,
      "value": null
    },
    "_extractId": {
      "class": "Identifier",
      "name": "_extractId",
      "moduleUrl": "asset:angular2/lib/src/common/forms/directives/select_control_value_accessor.dart",
      "prefix": null,
      "value": null
    },
    "SelectControlValueAccessor": {
      "class": "Directive",
      "isComponent": false,
      "selector": "select[ngControl],select[ngFormControl],select[ngModel]",
      "exportAs": null,
      "type": {
        "class": "Type",
        "name": "SelectControlValueAccessor",
        "moduleUrl": "asset:angular2/lib/src/common/forms/directives/select_control_value_accessor.dart",
        "prefix": null,
        "isHost": false,
        "value": null,
        "diDeps": [
          {
            "token": {
              "value": null,
              "identifier": {
                "class": "Identifier",
                "name": "Renderer",
                "moduleUrl": null,
                "prefix": null,
                "value": null
              },
              "identifierIsInstance": false
            },
            "query": null,
            "viewQuery": null,
            "value": null,
            "isAttribute": false,
            "isSelf": false,
            "isHost": false,
            "isSkipSelf": false,
            "isOptional": false,
            "isValue": false
          },
          {
            "token": {
              "value": null,
              "identifier": {
                "class": "Identifier",
                "name": "ElementRef",
                "moduleUrl": null,
                "prefix": null,
                "value": null
              },
              "identifierIsInstance": false
            },
            "query": null,
            "viewQuery": null,
            "value": null,
            "isAttribute": false,
            "isSelf": false,
            "isHost": false,
            "isSkipSelf": false,
            "isOptional": false,
            "isValue": false
          }
        ]
      },
      "changeDetection": 5,
      "inputs": {},
      "outputs": {},
      "hostListeners": {
        "blur": "onTouched()",
        "change": "onChange($event.target.value)"
      },
      "hostProperties": {},
      "hostAttributes": {},
      "lifecycleHooks": [],
      "template": null,
      "providers": [
        {
          "class": "Identifier",
          "name": "SELECT_VALUE_ACCESSOR",
          "moduleUrl": null,
          "prefix": null,
          "value": null
        }
      ],
      "viewProviders": [],
      "queries": [],
      "viewQueries": []
    },
    "NgSelectOption": {
      "class": "Directive",
      "isComponent": false,
      "selector": "option",
      "exportAs": null,
      "type": {
        "class": "Type",
        "name": "NgSelectOption",
        "moduleUrl": "asset:angular2/lib/src/common/forms/directives/select_control_value_accessor.dart",
        "prefix": null,
        "isHost": false,
        "value": null,
        "diDeps": [
          {
            "token": {
              "value": null,
              "identifier": {
                "class": "Identifier",
                "name": "ElementRef",
                "moduleUrl": null,
                "prefix": null,
                "value": null
              },
              "identifierIsInstance": false
            },
            "query": null,
            "viewQuery": null,
            "value": null,
            "isAttribute": false,
            "isSelf": false,
            "isHost": false,
            "isSkipSelf": false,
            "isOptional": false,
            "isValue": false
          },
          {
            "token": {
              "value": null,
              "identifier": {
                "class": "Identifier",
                "name": "Renderer",
                "moduleUrl": null,
                "prefix": null,
                "value": null
              },
              "identifierIsInstance": false
            },
            "query": null,
            "viewQuery": null,
            "value": null,
            "isAttribute": false,
            "isSelf": false,
            "isHost": false,
            "isSkipSelf": false,
            "isOptional": false,
            "isValue": false
          },
          {
            "token": {
              "value": null,
              "identifier": {
                "class": "Identifier",
                "name": "SelectControlValueAccessor",
                "moduleUrl": null,
                "prefix": null,
                "value": null
              },
              "identifierIsInstance": false
            },
            "query": null,
            "viewQuery": null,
            "value": null,
            "isAttribute": false,
            "isSelf": false,
            "isHost": true,
            "isSkipSelf": false,
            "isOptional": true,
            "isValue": false
          }
        ]
      },
      "changeDetection": 5,
      "inputs": {
        "ngValue": "ngValue",
        "value": "value"
      },
      "outputs": {},
      "hostListeners": {},
      "hostProperties": {},
      "hostAttributes": {},
      "lifecycleHooks": [
        1
      ],
      "template": null,
      "providers": [],
      "viewProviders": [],
      "queries": [],
      "viewQueries": []
    }
  },
  "alias": {}
}