{
  "ngDeps": {
    "1": "",
    "3": [
      {
        "1": "dart:async",
        "5": false
      },
      {
        "1": "package:angular2/core.dart",
        "2": [
          "Provider",
          "Attribute",
          "Directive"
        ],
        "5": false
      },
      {
        "1": "../model.dart",
        "2": [
          "AbstractControl"
        ],
        "5": false
      },
      {
        "1": "../validators.dart",
        "2": [
          "Validators",
          "NG_VALIDATORS"
        ],
        "5": false
      }
    ],
    "5": [
      {
        "1": "RequiredValidator"
      },
      {
        "1": "MinLengthValidator",
        "5": [
          {
            "1": "String",
            "3": [
              "const Attribute(\"minlength\")"
            ],
            "4": "minLength"
          }
        ],
        "6": [
          "Validator"
        ]
      },
      {
        "1": "MaxLengthValidator",
        "5": [
          {
            "1": "String",
            "3": [
              "const Attribute(\"maxlength\")"
            ],
            "4": "maxLength"
          }
        ],
        "6": [
          "Validator"
        ]
      },
      {
        "1": "PatternValidator",
        "5": [
          {
            "1": "String",
            "3": [
              "const Attribute(\"pattern\")"
            ],
            "4": "pattern"
          }
        ],
        "6": [
          "Validator"
        ]
      }
    ],
    "6": "validators.dart"
  },
  "type": {
    "REQUIRED": {
      "class": "Identifier",
      "name": "REQUIRED",
      "moduleUrl": "asset:angular2/lib/src/common/forms/directives/validators.dart",
      "prefix": null,
      "value": null
    },
    "REQUIRED_VALIDATOR": {
      "class": "Identifier",
      "name": "REQUIRED_VALIDATOR",
      "moduleUrl": "asset:angular2/lib/src/common/forms/directives/validators.dart",
      "prefix": null,
      "value": {
        "class": "Provider",
        "token": {
          "value": null,
          "identifier": {
            "class": "Identifier",
            "name": "NG_VALIDATORS",
            "moduleUrl": null,
            "prefix": null,
            "value": null
          },
          "identifierIsInstance": false
        },
        "useClass": null,
        "useExisting": null,
        "useValue": {
          "class": "Identifier",
          "name": "REQUIRED",
          "moduleUrl": null,
          "prefix": null,
          "value": null
        },
        "useFactory": null,
        "useProperty": null,
        "multi": true,
        "deps": null
      }
    },
    "ValidatorFn": {
      "class": "Identifier",
      "name": "ValidatorFn",
      "moduleUrl": "asset:angular2/lib/src/common/forms/directives/validators.dart",
      "prefix": null,
      "value": null
    },
    "AsyncValidatorFn": {
      "class": "Identifier",
      "name": "AsyncValidatorFn",
      "moduleUrl": "asset:angular2/lib/src/common/forms/directives/validators.dart",
      "prefix": null,
      "value": null
    },
    "MIN_LENGTH_VALIDATOR": {
      "class": "Identifier",
      "name": "MIN_LENGTH_VALIDATOR",
      "moduleUrl": "asset:angular2/lib/src/common/forms/directives/validators.dart",
      "prefix": null,
      "value": {
        "class": "Provider",
        "token": {
          "value": null,
          "identifier": {
            "class": "Identifier",
            "name": "NG_VALIDATORS",
            "moduleUrl": null,
            "prefix": null,
            "value": null
          },
          "identifierIsInstance": false
        },
        "useClass": null,
        "useExisting": {
          "value": null,
          "identifier": {
            "class": "Identifier",
            "name": "MinLengthValidator",
            "moduleUrl": null,
            "prefix": null,
            "value": null
          },
          "identifierIsInstance": false
        },
        "useValue": null,
        "useFactory": null,
        "useProperty": null,
        "multi": true,
        "deps": null
      }
    },
    "MAX_LENGTH_VALIDATOR": {
      "class": "Identifier",
      "name": "MAX_LENGTH_VALIDATOR",
      "moduleUrl": "asset:angular2/lib/src/common/forms/directives/validators.dart",
      "prefix": null,
      "value": {
        "class": "Provider",
        "token": {
          "value": null,
          "identifier": {
            "class": "Identifier",
            "name": "NG_VALIDATORS",
            "moduleUrl": null,
            "prefix": null,
            "value": null
          },
          "identifierIsInstance": false
        },
        "useClass": null,
        "useExisting": {
          "value": null,
          "identifier": {
            "class": "Identifier",
            "name": "MaxLengthValidator",
            "moduleUrl": null,
            "prefix": null,
            "value": null
          },
          "identifierIsInstance": false
        },
        "useValue": null,
        "useFactory": null,
        "useProperty": null,
        "multi": true,
        "deps": null
      }
    },
    "PATTERN_VALIDATOR": {
      "class": "Identifier",
      "name": "PATTERN_VALIDATOR",
      "moduleUrl": "asset:angular2/lib/src/common/forms/directives/validators.dart",
      "prefix": null,
      "value": {
        "class": "Provider",
        "token": {
          "value": null,
          "identifier": {
            "class": "Identifier",
            "name": "NG_VALIDATORS",
            "moduleUrl": null,
            "prefix": null,
            "value": null
          },
          "identifierIsInstance": false
        },
        "useClass": null,
        "useExisting": {
          "value": null,
          "identifier": {
            "class": "Identifier",
            "name": "PatternValidator",
            "moduleUrl": null,
            "prefix": null,
            "value": null
          },
          "identifierIsInstance": false
        },
        "useValue": null,
        "useFactory": null,
        "useProperty": null,
        "multi": true,
        "deps": null
      }
    },
    "Validator": {
      "class": "Identifier",
      "name": "Validator",
      "moduleUrl": "asset:angular2/lib/src/common/forms/directives/validators.dart",
      "prefix": null,
      "value": null
    },
    "RequiredValidator": {
      "class": "Directive",
      "isComponent": false,
      "selector": "[required][ngControl],[required][ngFormControl],[required][ngModel]",
      "exportAs": null,
      "type": {
        "class": "Type",
        "name": "RequiredValidator",
        "moduleUrl": "asset:angular2/lib/src/common/forms/directives/validators.dart",
        "prefix": null,
        "isHost": false,
        "value": null,
        "diDeps": []
      },
      "changeDetection": 5,
      "inputs": {},
      "outputs": {},
      "hostListeners": {},
      "hostProperties": {},
      "hostAttributes": {},
      "lifecycleHooks": [],
      "template": null,
      "providers": [
        {
          "class": "Identifier",
          "name": "REQUIRED_VALIDATOR",
          "moduleUrl": null,
          "prefix": null,
          "value": null
        }
      ],
      "viewProviders": [],
      "queries": [],
      "viewQueries": []
    },
    "MinLengthValidator": {
      "class": "Directive",
      "isComponent": false,
      "selector": "[minlength][ngControl],[minlength][ngFormControl],[minlength][ngModel]",
      "exportAs": null,
      "type": {
        "class": "Type",
        "name": "MinLengthValidator",
        "moduleUrl": "asset:angular2/lib/src/common/forms/directives/validators.dart",
        "prefix": null,
        "isHost": false,
        "value": null,
        "diDeps": [
          {
            "token": {
              "value": "minlength",
              "identifier": null,
              "identifierIsInstance": false
            },
            "query": null,
            "viewQuery": null,
            "value": null,
            "isAttribute": true,
            "isSelf": false,
            "isHost": false,
            "isSkipSelf": false,
            "isOptional": false,
            "isValue": false
          }
        ]
      },
      "changeDetection": 5,
      "inputs": {},
      "outputs": {},
      "hostListeners": {},
      "hostProperties": {},
      "hostAttributes": {},
      "lifecycleHooks": [],
      "template": null,
      "providers": [
        {
          "class": "Identifier",
          "name": "MIN_LENGTH_VALIDATOR",
          "moduleUrl": null,
          "prefix": null,
          "value": null
        }
      ],
      "viewProviders": [],
      "queries": [],
      "viewQueries": []
    },
    "MaxLengthValidator": {
      "class": "Directive",
      "isComponent": false,
      "selector": "[maxlength][ngControl],[maxlength][ngFormControl],[maxlength][ngModel]",
      "exportAs": null,
      "type": {
        "class": "Type",
        "name": "MaxLengthValidator",
        "moduleUrl": "asset:angular2/lib/src/common/forms/directives/validators.dart",
        "prefix": null,
        "isHost": false,
        "value": null,
        "diDeps": [
          {
            "token": {
              "value": "maxlength",
              "identifier": null,
              "identifierIsInstance": false
            },
            "query": null,
            "viewQuery": null,
            "value": null,
            "isAttribute": true,
            "isSelf": false,
            "isHost": false,
            "isSkipSelf": false,
            "isOptional": false,
            "isValue": false
          }
        ]
      },
      "changeDetection": 5,
      "inputs": {},
      "outputs": {},
      "hostListeners": {},
      "hostProperties": {},
      "hostAttributes": {},
      "lifecycleHooks": [],
      "template": null,
      "providers": [
        {
          "class": "Identifier",
          "name": "MAX_LENGTH_VALIDATOR",
          "moduleUrl": null,
          "prefix": null,
          "value": null
        }
      ],
      "viewProviders": [],
      "queries": [],
      "viewQueries": []
    },
    "PatternValidator": {
      "class": "Directive",
      "isComponent": false,
      "selector": "[pattern][ngControl],[pattern][ngFormControl],[pattern][ngModel]",
      "exportAs": null,
      "type": {
        "class": "Type",
        "name": "PatternValidator",
        "moduleUrl": "asset:angular2/lib/src/common/forms/directives/validators.dart",
        "prefix": null,
        "isHost": false,
        "value": null,
        "diDeps": [
          {
            "token": {
              "value": "pattern",
              "identifier": null,
              "identifierIsInstance": false
            },
            "query": null,
            "viewQuery": null,
            "value": null,
            "isAttribute": true,
            "isSelf": false,
            "isHost": false,
            "isSkipSelf": false,
            "isOptional": false,
            "isValue": false
          }
        ]
      },
      "changeDetection": 5,
      "inputs": {},
      "outputs": {},
      "hostListeners": {},
      "hostProperties": {},
      "hostAttributes": {},
      "lifecycleHooks": [],
      "template": null,
      "providers": [
        {
          "class": "Identifier",
          "name": "PATTERN_VALIDATOR",
          "moduleUrl": null,
          "prefix": null,
          "value": null
        }
      ],
      "viewProviders": [],
      "queries": [],
      "viewQueries": []
    }
  },
  "alias": {}
}