{
  "ngDeps": {
    "1": "",
    "3": [
      {
        "1": "package:angular2/src/facade/lang.dart",
        "2": [
          "jsSplit"
        ],
        "5": false
      }
    ],
    "6": "compiler_utils.dart"
  },
  "type": {
    "MODULE_SUFFIX": {
      "class": "Identifier",
      "name": "MODULE_SUFFIX",
      "moduleUrl": "asset:angular2/lib/src/compiler/compiler_utils.dart",
      "prefix": null,
      "value": null
    },
    "camelCaseToDashCase": {
      "class": "Identifier",
      "name": "camelCaseToDashCase",
      "moduleUrl": "asset:angular2/lib/src/compiler/compiler_utils.dart",
      "prefix": null,
      "value": null
    },
    "dashCaseToCamelCase": {
      "class": "Identifier",
      "name": "dashCaseToCamelCase",
      "moduleUrl": "asset:angular2/lib/src/compiler/compiler_utils.dart",
      "prefix": null,
      "value": null
    },
    "splitAtColon": {
      "class": "Identifier",
      "name": "splitAtColon",
      "moduleUrl": "asset:angular2/lib/src/compiler/compiler_utils.dart",
      "prefix": null,
      "value": null
    },
    "sanitizeIdentifier": {
      "class": "Identifier",
      "name": "sanitizeIdentifier",
      "moduleUrl": "asset:angular2/lib/src/compiler/compiler_utils.dart",
      "prefix": null,
      "value": null
    }
  },
  "alias": {}
}