{
  "ngDeps": {
    "1": "",
    "3": [
      {
        "1": "compile_metadata.dart",
        "2": [
          "CompileIdentifierMetadata"
        ],
        "5": false
      },
      {
        "1": "identifiers.dart",
        "2": [
          "Identifiers"
        ],
        "5": false
      }
    ],
    "6": "config.dart"
  },
  "type": {
    "CompilerConfig": {
      "class": "Identifier",
      "name": "CompilerConfig",
      "moduleUrl": "asset:angular2/lib/src/compiler/config.dart",
      "prefix": null,
      "value": null
    },
    "RenderTypes": {
      "class": "Identifier",
      "name": "RenderTypes",
      "moduleUrl": "asset:angular2/lib/src/compiler/config.dart",
      "prefix": null,
      "value": null
    },
    "DefaultRenderTypes": {
      "class": "Identifier",
      "name": "DefaultRenderTypes",
      "moduleUrl": "asset:angular2/lib/src/compiler/config.dart",
      "prefix": null,
      "value": null
    }
  },
  "alias": {}
}