{
  "ngDeps": {
    "1": "",
    "3": [
      {
        "1": "parse_util.dart",
        "2": [
          "ParseSourceSpan"
        ],
        "5": false
      }
    ],
    "6": "html_ast.dart"
  },
  "type": {
    "HtmlAst": {
      "class": "Identifier",
      "name": "HtmlAst",
      "moduleUrl": "asset:angular2/lib/src/compiler/html_ast.dart",
      "prefix": null,
      "value": null
    },
    "HtmlTextAst": {
      "class": "Identifier",
      "name": "HtmlTextAst",
      "moduleUrl": "asset:angular2/lib/src/compiler/html_ast.dart",
      "prefix": null,
      "value": null
    },
    "HtmlExpansionAst": {
      "class": "Identifier",
      "name": "HtmlExpansionAst",
      "moduleUrl": "asset:angular2/lib/src/compiler/html_ast.dart",
      "prefix": null,
      "value": null
    },
    "HtmlExpansionCaseAst": {
      "class": "Identifier",
      "name": "HtmlExpansionCaseAst",
      "moduleUrl": "asset:angular2/lib/src/compiler/html_ast.dart",
      "prefix": null,
      "value": null
    },
    "HtmlAttrAst": {
      "class": "Identifier",
      "name": "HtmlAttrAst",
      "moduleUrl": "asset:angular2/lib/src/compiler/html_ast.dart",
      "prefix": null,
      "value": null
    },
    "HtmlElementAst": {
      "class": "Identifier",
      "name": "HtmlElementAst",
      "moduleUrl": "asset:angular2/lib/src/compiler/html_ast.dart",
      "prefix": null,
      "value": null
    },
    "HtmlCommentAst": {
      "class": "Identifier",
      "name": "HtmlCommentAst",
      "moduleUrl": "asset:angular2/lib/src/compiler/html_ast.dart",
      "prefix": null,
      "value": null
    },
    "HtmlAstVisitor": {
      "class": "Identifier",
      "name": "HtmlAstVisitor",
      "moduleUrl": "asset:angular2/lib/src/compiler/html_ast.dart",
      "prefix": null,
      "value": null
    },
    "htmlVisitAll": {
      "class": "Identifier",
      "name": "htmlVisitAll",
      "moduleUrl": "asset:angular2/lib/src/compiler/html_ast.dart",
      "prefix": null,
      "value": null
    }
  },
  "alias": {}
}