{
  "ngDeps": {
    "1": "",
    "3": [
      {
        "1": "package:angular2/src/core/change_detection/change_detection.dart",
        "2": [
          "uninitialized",
          "devModeEqual",
          "SimpleChange",
          "ValueUnwrapper",
          "ChangeDetectorRef",
          "ChangeDetectorState",
          "ChangeDetectionStrategy"
        ],
        "5": false
      },
      {
        "1": "package:angular2/src/core/di/injector.dart",
        "2": [
          "Injector"
        ],
        "5": false
      },
      {
        "1": "package:angular2/src/core/linker/element_ref.dart",
        "2": [
          "ElementRef"
        ],
        "5": false
      },
      {
        "1": "package:angular2/src/core/linker/injector_factory.dart",
        "2": [
          "CodegenInjector",
          "CodegenInjectorFactory"
        ],
        "5": false
      },
      {
        "1": "package:angular2/src/core/linker/view_type.dart",
        "2": [
          "ViewType"
        ],
        "5": false
      },
      {
        "1": "package:angular2/src/core/linker/app_view_utils.dart",
        "2": [
          "AppViewUtils",
          "interpolate",
          "interpolate0",
          "checkBinding",
          "castByValue",
          "EMPTY_ARRAY",
          "EMPTY_MAP",
          "pureProxy1",
          "pureProxy2",
          "pureProxy3",
          "pureProxy4",
          "pureProxy5",
          "pureProxy6",
          "pureProxy7",
          "pureProxy8",
          "pureProxy9",
          "pureProxy10"
        ],
        "5": false
      },
      {
        "1": "package:angular2/src/core/metadata/view.dart",
        "2": [
          "ViewEncapsulation"
        ],
        "5": false
      },
      {
        "1": "package:angular2/src/core/render/api.dart",
        "2": [
          "Renderer",
          "RenderComponentType"
        ],
        "5": false
      },
      {
        "1": "package:angular2/src/core/security.dart",
        "2": [
          "TemplateSecurityContext"
        ],
        "5": false
      },
      {
        "1": "compile_metadata.dart",
        "2": [
          "CompileIdentifierMetadata",
          "CompileTokenMetadata"
        ],
        "5": false
      }
    ],
    "6": "identifiers.dart",
    "7": [
      {
        "1": "package:angular2/src/core/change_detection/change_detection.template.dart",
        "4": "i0"
      },
      {
        "1": "package:angular2/src/core/di/injector.template.dart",
        "4": "i1"
      },
      {
        "1": "package:angular2/src/core/linker/element_ref.template.dart",
        "4": "i2"
      },
      {
        "1": "package:angular2/src/core/linker/injector_factory.template.dart",
        "4": "i3"
      },
      {
        "1": "package:angular2/src/core/linker/view_type.template.dart",
        "4": "i4"
      },
      {
        "1": "package:angular2/src/core/linker/app_view_utils.template.dart",
        "4": "i5"
      },
      {
        "1": "package:angular2/src/core/metadata/view.template.dart",
        "4": "i6"
      },
      {
        "1": "package:angular2/src/core/render/api.template.dart",
        "4": "i7"
      },
      {
        "1": "package:angular2/src/core/security.template.dart",
        "4": "i8"
      },
      {
        "1": "compile_metadata.template.dart",
        "4": "i9"
      }
    ]
  },
  "type": {
    "Identifiers": {
      "class": "Identifier",
      "name": "Identifiers",
      "moduleUrl": "asset:angular2/lib/src/compiler/identifiers.dart",
      "prefix": null,
      "value": null
    },
    "identifierToken": {
      "class": "Identifier",
      "name": "identifierToken",
      "moduleUrl": "asset:angular2/lib/src/compiler/identifiers.dart",
      "prefix": null,
      "value": null
    }
  },
  "alias": {}
}