{
  "ngDeps": null,
  "type": {
    "ParseErrorLevel": {
      "class": "Identifier",
      "name": "ParseErrorLevel",
      "moduleUrl": "asset:angular2/lib/src/compiler/parse_util.dart",
      "prefix": null,
      "value": null
    },
    "ParseLocation": {
      "class": "Identifier",
      "name": "ParseLocation",
      "moduleUrl": "asset:angular2/lib/src/compiler/parse_util.dart",
      "prefix": null,
      "value": null
    },
    "ParseSourceFile": {
      "class": "Identifier",
      "name": "ParseSourceFile",
      "moduleUrl": "asset:angular2/lib/src/compiler/parse_util.dart",
      "prefix": null,
      "value": null
    },
    "ParseSourceSpan": {
      "class": "Identifier",
      "name": "ParseSourceSpan",
      "moduleUrl": "asset:angular2/lib/src/compiler/parse_util.dart",
      "prefix": null,
      "value": null
    },
    "ParseError": {
      "class": "Identifier",
      "name": "ParseError",
      "moduleUrl": "asset:angular2/lib/src/compiler/parse_util.dart",
      "prefix": null,
      "value": null
    }
  },
  "alias": {}
}