{
  "ngDeps": {
    "1": "",
    "3": [
      {
        "1": "package:angular2/di.dart",
        "2": [
          "Injectable"
        ],
        "5": false
      },
      {
        "1": "directives/validators.dart",
        "5": false
      },
      {
        "1": "model.dart",
        "4": "model_module",
        "5": false
      }
    ],
    "5": [
      {
        "1": "FormBuilder",
        "4": [
          {
            "1": "Injectable",
            "4": false
          }
        ]
      }
    ],
    "6": "form_builder.dart"
  },
  "type": {
    "FormBuilder": {
      "class": "Type",
      "name": "FormBuilder",
      "moduleUrl": "asset:angular2/lib/src/common/forms/form_builder.dart",
      "prefix": null,
      "isHost": false,
      "value": null,
      "diDeps": []
    }
  },
  "alias": {}
}