{
  "ngDeps": {
    "1": "",
    "3": [
      {
        "1": "dart:async",
        "5": false
      },
      {
        "1": "package:angular2/src/facade/async.dart",
        "2": [
          "EventEmitter"
        ],
        "5": false
      },
      {
        "1": "directives/validators.dart",
        "2": [
          "ValidatorFn",
          "AsyncValidatorFn"
        ],
        "5": false
      }
    ],
    "6": "model.dart"
  },
  "type": {
    "VALID": {
      "class": "Identifier",
      "name": "VALID",
      "moduleUrl": "asset:angular2/lib/src/common/forms/model.dart",
      "prefix": null,
      "value": null
    },
    "INVALID": {
      "class": "Identifier",
      "name": "INVALID",
      "moduleUrl": "asset:angular2/lib/src/common/forms/model.dart",
      "prefix": null,
      "value": null
    },
    "PENDING": {
      "class": "Identifier",
      "name": "PENDING",
      "moduleUrl": "asset:angular2/lib/src/common/forms/model.dart",
      "prefix": null,
      "value": null
    },
    "isControl": {
      "class": "Identifier",
      "name": "isControl",
      "moduleUrl": "asset:angular2/lib/src/common/forms/model.dart",
      "prefix": null,
      "value": null
    },
    "_find": {
      "class": "Identifier",
      "name": "_find",
      "moduleUrl": "asset:angular2/lib/src/common/forms/model.dart",
      "prefix": null,
      "value": null
    },
    "_toStream": {
      "class": "Identifier",
      "name": "_toStream",
      "moduleUrl": "asset:angular2/lib/src/common/forms/model.dart",
      "prefix": null,
      "value": null
    },
    "AbstractControl": {
      "class": "Identifier",
      "name": "AbstractControl",
      "moduleUrl": "asset:angular2/lib/src/common/forms/model.dart",
      "prefix": null,
      "value": null
    },
    "Control": {
      "class": "Identifier",
      "name": "Control",
      "moduleUrl": "asset:angular2/lib/src/common/forms/model.dart",
      "prefix": null,
      "value": null
    },
    "ControlGroup": {
      "class": "Identifier",
      "name": "ControlGroup",
      "moduleUrl": "asset:angular2/lib/src/common/forms/model.dart",
      "prefix": null,
      "value": null
    },
    "ControlArray": {
      "class": "Identifier",
      "name": "ControlArray",
      "moduleUrl": "asset:angular2/lib/src/common/forms/model.dart",
      "prefix": null,
      "value": null
    }
  },
  "alias": {}
}