{
  "ngDeps": {
    "1": "",
    "3": [
      {
        "1": "dart:async",
        "5": false
      },
      {
        "1": "package:angular2/di.dart",
        "2": [
          "OpaqueToken"
        ],
        "5": false
      },
      {
        "1": "directives/validators.dart",
        "2": [
          "ValidatorFn",
          "AsyncValidatorFn"
        ],
        "5": false
      },
      {
        "1": "model.dart",
        "4": "model_module",
        "5": false
      }
    ],
    "6": "validators.dart",
    "7": [
      {
        "1": "package:angular2/di.template.dart",
        "4": "i0"
      },
      {
        "1": "directives/validators.template.dart",
        "4": "i1"
      },
      {
        "1": "model.template.dart",
        "4": "i2"
      }
    ]
  },
  "type": {
    "NG_VALIDATORS": {
      "class": "Identifier",
      "name": "NG_VALIDATORS",
      "moduleUrl": "asset:angular2/lib/src/common/forms/validators.dart",
      "prefix": null,
      "value": null
    },
    "NG_ASYNC_VALIDATORS": {
      "class": "Identifier",
      "name": "NG_ASYNC_VALIDATORS",
      "moduleUrl": "asset:angular2/lib/src/common/forms/validators.dart",
      "prefix": null,
      "value": null
    },
    "Validators": {
      "class": "Identifier",
      "name": "Validators",
      "moduleUrl": "asset:angular2/lib/src/common/forms/validators.dart",
      "prefix": null,
      "value": null
    },
    "_toFuture": {
      "class": "Identifier",
      "name": "_toFuture",
      "moduleUrl": "asset:angular2/lib/src/common/forms/validators.dart",
      "prefix": null,
      "value": null
    },
    "_executeValidators": {
      "class": "Identifier",
      "name": "_executeValidators",
      "moduleUrl": "asset:angular2/lib/src/common/forms/validators.dart",
      "prefix": null,
      "value": null
    },
    "_executeAsyncValidators": {
      "class": "Identifier",
      "name": "_executeAsyncValidators",
      "moduleUrl": "asset:angular2/lib/src/common/forms/validators.dart",
      "prefix": null,
      "value": null
    },
    "_mergeErrors": {
      "class": "Identifier",
      "name": "_mergeErrors",
      "moduleUrl": "asset:angular2/lib/src/common/forms/validators.dart",
      "prefix": null,
      "value": null
    }
  },
  "alias": {}
}