{
  "ngDeps": {
    "1": "",
    "3": [
      {
        "1": "package:angular2/di.dart",
        "2": [
          "PipeTransform",
          "Pipe",
          "Injectable"
        ],
        "5": false
      },
      {
        "1": "package:angular2/src/facade/intl.dart",
        "2": [
          "DateFormatter"
        ],
        "5": false
      },
      {
        "1": "invalid_pipe_argument_exception.dart",
        "2": [
          "InvalidPipeArgumentException"
        ],
        "5": false
      }
    ],
    "5": [
      {
        "1": "DatePipe",
        "4": [
          {
            "1": "Pipe",
            "3": [
              {
                "1": "name",
                "2": "\"date\""
              },
              {
                "1": "pure",
                "2": "true"
              }
            ],
            "4": false
          },
          {
            "1": "Injectable",
            "4": false
          }
        ],
        "6": [
          "PipeTransform"
        ]
      }
    ],
    "6": "date_pipe.dart",
    "7": [
      {
        "1": "package:angular2/di.template.dart",
        "4": "i0"
      },
      {
        "1": "package:angular2/src/facade/intl.template.dart",
        "4": "i1"
      },
      {
        "1": "invalid_pipe_argument_exception.template.dart",
        "4": "i2"
      }
    ]
  },
  "type": {
    "DatePipe": {
      "class": "Pipe",
      "type": {
        "class": "Type",
        "name": "DatePipe",
        "moduleUrl": "asset:angular2/lib/src/common/pipes/date_pipe.dart",
        "prefix": null,
        "isHost": false,
        "value": null,
        "diDeps": []
      },
      "name": "date",
      "pure": true
    }
  },
  "alias": {}
}