{
  "ngDeps": {
    "1": "",
    "3": [
      {
        "1": "package:angular2/di.dart",
        "2": [
          "Injectable",
          "PipeTransform",
          "Pipe"
        ],
        "5": false
      },
      {
        "1": "package:angular2/src/facade/lang.dart",
        "2": [
          "Json"
        ],
        "5": false
      }
    ],
    "5": [
      {
        "1": "JsonPipe",
        "4": [
          {
            "1": "Pipe",
            "3": [
              {
                "1": "name",
                "2": "\"json\""
              },
              {
                "1": "pure",
                "2": "false"
              }
            ],
            "4": false
          },
          {
            "1": "Injectable",
            "4": false
          }
        ],
        "6": [
          "PipeTransform"
        ]
      }
    ],
    "6": "json_pipe.dart",
    "7": [
      {
        "1": "package:angular2/di.template.dart",
        "4": "i0"
      },
      {
        "1": "package:angular2/src/facade/lang.template.dart",
        "4": "i1"
      }
    ]
  },
  "type": {
    "JsonPipe": {
      "class": "Pipe",
      "type": {
        "class": "Type",
        "name": "JsonPipe",
        "moduleUrl": "asset:angular2/lib/src/common/pipes/json_pipe.dart",
        "prefix": null,
        "isHost": false,
        "value": null,
        "diDeps": []
      },
      "name": "json",
      "pure": false
    }
  },
  "alias": {}
}