{
  "ngDeps": {
    "1": "",
    "3": [
      {
        "1": "package:angular2/di.dart",
        "2": [
          "Injectable",
          "PipeTransform",
          "Pipe"
        ],
        "5": false
      },
      {
        "1": "invalid_pipe_argument_exception.dart",
        "2": [
          "InvalidPipeArgumentException"
        ],
        "5": false
      }
    ],
    "5": [
      {
        "1": "LowerCasePipe",
        "4": [
          {
            "1": "Pipe",
            "3": [
              {
                "1": "name",
                "2": "\"lowercase\""
              }
            ],
            "4": false
          },
          {
            "1": "Injectable",
            "4": false
          }
        ],
        "6": [
          "PipeTransform"
        ]
      }
    ],
    "6": "lowercase_pipe.dart",
    "7": [
      {
        "1": "package:angular2/di.template.dart",
        "4": "i0"
      },
      {
        "1": "invalid_pipe_argument_exception.template.dart",
        "4": "i1"
      }
    ]
  },
  "type": {
    "LowerCasePipe": {
      "class": "Pipe",
      "type": {
        "class": "Type",
        "name": "LowerCasePipe",
        "moduleUrl": "asset:angular2/lib/src/common/pipes/lowercase_pipe.dart",
        "prefix": null,
        "isHost": false,
        "value": null,
        "diDeps": []
      },
      "name": "lowercase",
      "pure": true
    }
  },
  "alias": {}
}