{
  "ngDeps": {
    "1": "",
    "3": [
      {
        "1": "directives.dart",
        "2": [
          "CORE_DIRECTIVES"
        ],
        "5": false
      },
      {
        "1": "forms.dart",
        "2": [
          "FORM_DIRECTIVES"
        ],
        "5": false
      }
    ],
    "6": "common_directives.dart"
  },
  "type": {
    "COMMON_DIRECTIVES": {
      "class": "Identifier",
      "name": "COMMON_DIRECTIVES",
      "moduleUrl": "asset:angular2/lib/src/common/common_directives.dart",
      "prefix": null,
      "value": [
        {
          "class": "Identifier",
          "name": "CORE_DIRECTIVES",
          "moduleUrl": null,
          "prefix": null,
          "value": null
        },
        {
          "class": "Identifier",
          "name": "FORM_DIRECTIVES",
          "moduleUrl": null,
          "prefix": null,
          "value": null
        }
      ]
    }
  },
  "alias": {
    "COMMON_DIRECTIVES": [
      "CORE_DIRECTIVES",
      "FORM_DIRECTIVES"
    ]
  }
}