{
  "ngDeps": {
    "1": "",
    "4": [
      {
        "1": "directives/core_directives.dart",
        "2": [
          "CORE_DIRECTIVES"
        ]
      },
      {
        "1": "directives/ng_class.dart",
        "2": [
          "NgClass"
        ]
      },
      {
        "1": "directives/ng_for.dart",
        "2": [
          "NgFor"
        ]
      },
      {
        "1": "directives/ng_if.dart",
        "2": [
          "NgIf"
        ]
      },
      {
        "1": "directives/ng_plural.dart",
        "2": [
          "NgPlural",
          "NgPluralCase",
          "NgLocalization"
        ]
      },
      {
        "1": "directives/ng_style.dart",
        "2": [
          "NgStyle"
        ]
      },
      {
        "1": "directives/ng_switch.dart",
        "2": [
          "NgSwitch",
          "NgSwitchWhen",
          "NgSwitchDefault"
        ]
      },
      {
        "1": "directives/ng_template_outlet.dart",
        "2": [
          "NgTemplateOutlet"
        ]
      },
      {
        "1": "directives/observable_list_diff.dart"
      }
    ],
    "6": "directives.dart"
  },
  "type": {},
  "alias": {}
}