{
  "ngDeps": {
    "1": "",
    "4": [
      {
        "1": "directives/core_directives.dart",
        "2": [
          "CORE_DIRECTIVES"
        ]
      },
      {
        "1": "directives/ng_class.dart",
        "2": [
          "NgClass"
        ]
      },
      {
        "1": "directives/ng_for.dart",
        "2": [
          "NgFor"
        ]
      },
      {
        "1": "directives/ng_if.dart",
        "2": [
          "NgIf"
        ]
      },
      {
        "1": "directives/ng_plural.dart",
        "2": [
          "NgPlural",
          "NgPluralCase",
          "NgLocalization"
        ]
      },
      {
        "1": "directives/ng_style.dart",
        "2": [
          "NgStyle"
        ]
      },
      {
        "1": "directives/ng_switch.dart",
        "2": [
          "NgSwitch",
          "NgSwitchWhen",
          "NgSwitchDefault"
        ]
      },
      {
        "1": "directives/ng_template_outlet.dart",
        "2": [
          "NgTemplateOutlet"
        ]
      },
      {
        "1": "directives/observable_list_diff.dart"
      }
    ],
    "6": "directives.dart",
    "7": [
      {
        "1": "directives/core_directives.template.dart",
        "4": "i0"
      },
      {
        "1": "directives/ng_class.template.dart",
        "4": "i1"
      },
      {
        "1": "directives/ng_for.template.dart",
        "4": "i2"
      },
      {
        "1": "directives/ng_if.template.dart",
        "4": "i3"
      },
      {
        "1": "directives/ng_plural.template.dart",
        "4": "i4"
      },
      {
        "1": "directives/ng_style.template.dart",
        "4": "i5"
      },
      {
        "1": "directives/ng_switch.template.dart",
        "4": "i6"
      },
      {
        "1": "directives/ng_template_outlet.template.dart",
        "4": "i7"
      },
      {
        "1": "directives/observable_list_diff.template.dart",
        "4": "i8"
      }
    ]
  },
  "type": {
    "CORE_DIRECTIVES": {
      "class": "Identifier",
      "name": "CORE_DIRECTIVES",
      "moduleUrl": "asset:angular2/lib/src/common/directives/core_directives.dart",
      "prefix": null,
      "value": [
        {
          "class": "Provider",
          "token": {
            "value": null,
            "identifier": {
              "class": "Type",
              "name": "NgClass",
              "moduleUrl": "asset:angular2/lib/src/common/directives/ng_class.dart",
              "prefix": null,
              "isHost": false,
              "value": null,
              "diDeps": [
                {
                  "token": {
                    "value": null,
                    "identifier": {
                      "class": "Identifier",
                      "name": "IterableDiffers",
                      "moduleUrl": "asset:angular2/lib/src/core/change_detection/differs/iterable_differs.dart",
                      "prefix": null,
                      "value": null
                    },
                    "identifierIsInstance": false
                  },
                  "query": null,
                  "viewQuery": null,
                  "value": null,
                  "isAttribute": false,
                  "isSelf": false,
                  "isHost": false,
                  "isSkipSelf": false,
                  "isOptional": false,
                  "isValue": false
                },
                {
                  "token": {
                    "value": null,
                    "identifier": {
                      "class": "Identifier",
                      "name": "KeyValueDiffers",
                      "moduleUrl": "asset:angular2/lib/src/core/change_detection/differs/keyvalue_differs.dart",
                      "prefix": null,
                      "value": null
                    },
                    "identifierIsInstance": false
                  },
                  "query": null,
                  "viewQuery": null,
                  "value": null,
                  "isAttribute": false,
                  "isSelf": false,
                  "isHost": false,
                  "isSkipSelf": false,
                  "isOptional": false,
                  "isValue": false
                },
                {
                  "token": {
                    "value": null,
                    "identifier": {
                      "class": "Identifier",
                      "name": "ElementRef",
                      "moduleUrl": "asset:angular2/lib/src/core/linker/element_ref.dart",
                      "prefix": null,
                      "value": null
                    },
                    "identifierIsInstance": false
                  },
                  "query": null,
                  "viewQuery": null,
                  "value": null,
                  "isAttribute": false,
                  "isSelf": false,
                  "isHost": false,
                  "isSkipSelf": false,
                  "isOptional": false,
                  "isValue": false
                },
                {
                  "token": {
                    "value": null,
                    "identifier": {
                      "class": "Identifier",
                      "name": "Renderer",
                      "moduleUrl": "asset:angular2/lib/src/core/render/api.dart",
                      "prefix": null,
                      "value": null
                    },
                    "identifierIsInstance": false
                  },
                  "query": null,
                  "viewQuery": null,
                  "value": null,
                  "isAttribute": false,
                  "isSelf": false,
                  "isHost": false,
                  "isSkipSelf": false,
                  "isOptional": false,
                  "isValue": false
                }
              ]
            },
            "identifierIsInstance": false
          },
          "useClass": {
            "class": "Type",
            "name": "NgClass",
            "moduleUrl": "asset:angular2/lib/src/common/directives/ng_class.dart",
            "prefix": null,
            "isHost": false,
            "value": null,
            "diDeps": [
              {
                "token": {
                  "value": null,
                  "identifier": {
                    "class": "Identifier",
                    "name": "IterableDiffers",
                    "moduleUrl": "asset:angular2/lib/src/core/change_detection/differs/iterable_differs.dart",
                    "prefix": null,
                    "value": null
                  },
                  "identifierIsInstance": false
                },
                "query": null,
                "viewQuery": null,
                "value": null,
                "isAttribute": false,
                "isSelf": false,
                "isHost": false,
                "isSkipSelf": false,
                "isOptional": false,
                "isValue": false
              },
              {
                "token": {
                  "value": null,
                  "identifier": {
                    "class": "Identifier",
                    "name": "KeyValueDiffers",
                    "moduleUrl": "asset:angular2/lib/src/core/change_detection/differs/keyvalue_differs.dart",
                    "prefix": null,
                    "value": null
                  },
                  "identifierIsInstance": false
                },
                "query": null,
                "viewQuery": null,
                "value": null,
                "isAttribute": false,
                "isSelf": false,
                "isHost": false,
                "isSkipSelf": false,
                "isOptional": false,
                "isValue": false
              },
              {
                "token": {
                  "value": null,
                  "identifier": {
                    "class": "Identifier",
                    "name": "ElementRef",
                    "moduleUrl": "asset:angular2/lib/src/core/linker/element_ref.dart",
                    "prefix": null,
                    "value": null
                  },
                  "identifierIsInstance": false
                },
                "query": null,
                "viewQuery": null,
                "value": null,
                "isAttribute": false,
                "isSelf": false,
                "isHost": false,
                "isSkipSelf": false,
                "isOptional": false,
                "isValue": false
              },
              {
                "token": {
                  "value": null,
                  "identifier": {
                    "class": "Identifier",
                    "name": "Renderer",
                    "moduleUrl": "asset:angular2/lib/src/core/render/api.dart",
                    "prefix": null,
                    "value": null
                  },
                  "identifierIsInstance": false
                },
                "query": null,
                "viewQuery": null,
                "value": null,
                "isAttribute": false,
                "isSelf": false,
                "isHost": false,
                "isSkipSelf": false,
                "isOptional": false,
                "isValue": false
              }
            ]
          },
          "useExisting": null,
          "useValue": null,
          "useFactory": null,
          "useProperty": null,
          "multi": false,
          "deps": null
        },
        {
          "class": "Provider",
          "token": {
            "value": null,
            "identifier": {
              "class": "Type",
              "name": "NgFor",
              "moduleUrl": "asset:angular2/lib/src/common/directives/ng_for.dart",
              "prefix": null,
              "isHost": false,
              "value": null,
              "diDeps": [
                {
                  "token": {
                    "value": null,
                    "identifier": {
                      "class": "Identifier",
                      "name": "ViewContainerRef",
                      "moduleUrl": "asset:angular2/lib/src/core/linker/view_container_ref.dart",
                      "prefix": null,
                      "value": null
                    },
                    "identifierIsInstance": false
                  },
                  "query": null,
                  "viewQuery": null,
                  "value": null,
                  "isAttribute": false,
                  "isSelf": false,
                  "isHost": false,
                  "isSkipSelf": false,
                  "isOptional": false,
                  "isValue": false
                },
                {
                  "token": {
                    "value": null,
                    "identifier": {
                      "class": "Identifier",
                      "name": "TemplateRef",
                      "moduleUrl": "asset:angular2/lib/src/core/linker/template_ref.dart",
                      "prefix": null,
                      "value": null
                    },
                    "identifierIsInstance": false
                  },
                  "query": null,
                  "viewQuery": null,
                  "value": null,
                  "isAttribute": false,
                  "isSelf": false,
                  "isHost": false,
                  "isSkipSelf": false,
                  "isOptional": false,
                  "isValue": false
                },
                {
                  "token": {
                    "value": null,
                    "identifier": {
                      "class": "Identifier",
                      "name": "IterableDiffers",
                      "moduleUrl": "asset:angular2/lib/src/core/change_detection/differs/iterable_differs.dart",
                      "prefix": null,
                      "value": null
                    },
                    "identifierIsInstance": false
                  },
                  "query": null,
                  "viewQuery": null,
                  "value": null,
                  "isAttribute": false,
                  "isSelf": false,
                  "isHost": false,
                  "isSkipSelf": false,
                  "isOptional": false,
                  "isValue": false
                },
                {
                  "token": {
                    "value": null,
                    "identifier": {
                      "class": "Identifier",
                      "name": "ChangeDetectorRef",
                      "moduleUrl": "asset:angular2/lib/src/core/change_detection/change_detector_ref.dart",
                      "prefix": null,
                      "value": null
                    },
                    "identifierIsInstance": false
                  },
                  "query": null,
                  "viewQuery": null,
                  "value": null,
                  "isAttribute": false,
                  "isSelf": false,
                  "isHost": false,
                  "isSkipSelf": false,
                  "isOptional": false,
                  "isValue": false
                }
              ]
            },
            "identifierIsInstance": false
          },
          "useClass": {
            "class": "Type",
            "name": "NgFor",
            "moduleUrl": "asset:angular2/lib/src/common/directives/ng_for.dart",
            "prefix": null,
            "isHost": false,
            "value": null,
            "diDeps": [
              {
                "token": {
                  "value": null,
                  "identifier": {
                    "class": "Identifier",
                    "name": "ViewContainerRef",
                    "moduleUrl": "asset:angular2/lib/src/core/linker/view_container_ref.dart",
                    "prefix": null,
                    "value": null
                  },
                  "identifierIsInstance": false
                },
                "query": null,
                "viewQuery": null,
                "value": null,
                "isAttribute": false,
                "isSelf": false,
                "isHost": false,
                "isSkipSelf": false,
                "isOptional": false,
                "isValue": false
              },
              {
                "token": {
                  "value": null,
                  "identifier": {
                    "class": "Identifier",
                    "name": "TemplateRef",
                    "moduleUrl": "asset:angular2/lib/src/core/linker/template_ref.dart",
                    "prefix": null,
                    "value": null
                  },
                  "identifierIsInstance": false
                },
                "query": null,
                "viewQuery": null,
                "value": null,
                "isAttribute": false,
                "isSelf": false,
                "isHost": false,
                "isSkipSelf": false,
                "isOptional": false,
                "isValue": false
              },
              {
                "token": {
                  "value": null,
                  "identifier": {
                    "class": "Identifier",
                    "name": "IterableDiffers",
                    "moduleUrl": "asset:angular2/lib/src/core/change_detection/differs/iterable_differs.dart",
                    "prefix": null,
                    "value": null
                  },
                  "identifierIsInstance": false
                },
                "query": null,
                "viewQuery": null,
                "value": null,
                "isAttribute": false,
                "isSelf": false,
                "isHost": false,
                "isSkipSelf": false,
                "isOptional": false,
                "isValue": false
              },
              {
                "token": {
                  "value": null,
                  "identifier": {
                    "class": "Identifier",
                    "name": "ChangeDetectorRef",
                    "moduleUrl": "asset:angular2/lib/src/core/change_detection/change_detector_ref.dart",
                    "prefix": null,
                    "value": null
                  },
                  "identifierIsInstance": false
                },
                "query": null,
                "viewQuery": null,
                "value": null,
                "isAttribute": false,
                "isSelf": false,
                "isHost": false,
                "isSkipSelf": false,
                "isOptional": false,
                "isValue": false
              }
            ]
          },
          "useExisting": null,
          "useValue": null,
          "useFactory": null,
          "useProperty": null,
          "multi": false,
          "deps": null
        },
        {
          "class": "Provider",
          "token": {
            "value": null,
            "identifier": {
              "class": "Type",
              "name": "NgIf",
              "moduleUrl": "asset:angular2/lib/src/common/directives/ng_if.dart",
              "prefix": null,
              "isHost": false,
              "value": null,
              "diDeps": [
                {
                  "token": {
                    "value": null,
                    "identifier": {
                      "class": "Identifier",
                      "name": "ViewContainerRef",
                      "moduleUrl": "asset:angular2/lib/src/core/linker/view_container_ref.dart",
                      "prefix": null,
                      "value": null
                    },
                    "identifierIsInstance": false
                  },
                  "query": null,
                  "viewQuery": null,
                  "value": null,
                  "isAttribute": false,
                  "isSelf": false,
                  "isHost": false,
                  "isSkipSelf": false,
                  "isOptional": false,
                  "isValue": false
                },
                {
                  "token": {
                    "value": null,
                    "identifier": {
                      "class": "Identifier",
                      "name": "TemplateRef",
                      "moduleUrl": "asset:angular2/lib/src/core/linker/template_ref.dart",
                      "prefix": null,
                      "value": null
                    },
                    "identifierIsInstance": false
                  },
                  "query": null,
                  "viewQuery": null,
                  "value": null,
                  "isAttribute": false,
                  "isSelf": false,
                  "isHost": false,
                  "isSkipSelf": false,
                  "isOptional": false,
                  "isValue": false
                }
              ]
            },
            "identifierIsInstance": false
          },
          "useClass": {
            "class": "Type",
            "name": "NgIf",
            "moduleUrl": "asset:angular2/lib/src/common/directives/ng_if.dart",
            "prefix": null,
            "isHost": false,
            "value": null,
            "diDeps": [
              {
                "token": {
                  "value": null,
                  "identifier": {
                    "class": "Identifier",
                    "name": "ViewContainerRef",
                    "moduleUrl": "asset:angular2/lib/src/core/linker/view_container_ref.dart",
                    "prefix": null,
                    "value": null
                  },
                  "identifierIsInstance": false
                },
                "query": null,
                "viewQuery": null,
                "value": null,
                "isAttribute": false,
                "isSelf": false,
                "isHost": false,
                "isSkipSelf": false,
                "isOptional": false,
                "isValue": false
              },
              {
                "token": {
                  "value": null,
                  "identifier": {
                    "class": "Identifier",
                    "name": "TemplateRef",
                    "moduleUrl": "asset:angular2/lib/src/core/linker/template_ref.dart",
                    "prefix": null,
                    "value": null
                  },
                  "identifierIsInstance": false
                },
                "query": null,
                "viewQuery": null,
                "value": null,
                "isAttribute": false,
                "isSelf": false,
                "isHost": false,
                "isSkipSelf": false,
                "isOptional": false,
                "isValue": false
              }
            ]
          },
          "useExisting": null,
          "useValue": null,
          "useFactory": null,
          "useProperty": null,
          "multi": false,
          "deps": null
        },
        {
          "class": "Provider",
          "token": {
            "value": null,
            "identifier": {
              "class": "Type",
              "name": "NgTemplateOutlet",
              "moduleUrl": "asset:angular2/lib/src/common/directives/ng_template_outlet.dart",
              "prefix": null,
              "isHost": false,
              "value": null,
              "diDeps": [
                {
                  "token": {
                    "value": null,
                    "identifier": {
                      "class": "Identifier",
                      "name": "ViewContainerRef",
                      "moduleUrl": "asset:angular2/lib/src/core/linker/view_container_ref.dart",
                      "prefix": null,
                      "value": null
                    },
                    "identifierIsInstance": false
                  },
                  "query": null,
                  "viewQuery": null,
                  "value": null,
                  "isAttribute": false,
                  "isSelf": false,
                  "isHost": false,
                  "isSkipSelf": false,
                  "isOptional": false,
                  "isValue": false
                }
              ]
            },
            "identifierIsInstance": false
          },
          "useClass": {
            "class": "Type",
            "name": "NgTemplateOutlet",
            "moduleUrl": "asset:angular2/lib/src/common/directives/ng_template_outlet.dart",
            "prefix": null,
            "isHost": false,
            "value": null,
            "diDeps": [
              {
                "token": {
                  "value": null,
                  "identifier": {
                    "class": "Identifier",
                    "name": "ViewContainerRef",
                    "moduleUrl": "asset:angular2/lib/src/core/linker/view_container_ref.dart",
                    "prefix": null,
                    "value": null
                  },
                  "identifierIsInstance": false
                },
                "query": null,
                "viewQuery": null,
                "value": null,
                "isAttribute": false,
                "isSelf": false,
                "isHost": false,
                "isSkipSelf": false,
                "isOptional": false,
                "isValue": false
              }
            ]
          },
          "useExisting": null,
          "useValue": null,
          "useFactory": null,
          "useProperty": null,
          "multi": false,
          "deps": null
        },
        {
          "class": "Provider",
          "token": {
            "value": null,
            "identifier": {
              "class": "Type",
              "name": "NgStyle",
              "moduleUrl": "asset:angular2/lib/src/common/directives/ng_style.dart",
              "prefix": null,
              "isHost": false,
              "value": null,
              "diDeps": [
                {
                  "token": {
                    "value": null,
                    "identifier": {
                      "class": "Identifier",
                      "name": "KeyValueDiffers",
                      "moduleUrl": "asset:angular2/lib/src/core/change_detection/differs/keyvalue_differs.dart",
                      "prefix": null,
                      "value": null
                    },
                    "identifierIsInstance": false
                  },
                  "query": null,
                  "viewQuery": null,
                  "value": null,
                  "isAttribute": false,
                  "isSelf": false,
                  "isHost": false,
                  "isSkipSelf": false,
                  "isOptional": false,
                  "isValue": false
                },
                {
                  "token": {
                    "value": null,
                    "identifier": {
                      "class": "Identifier",
                      "name": "ElementRef",
                      "moduleUrl": "asset:angular2/lib/src/core/linker/element_ref.dart",
                      "prefix": null,
                      "value": null
                    },
                    "identifierIsInstance": false
                  },
                  "query": null,
                  "viewQuery": null,
                  "value": null,
                  "isAttribute": false,
                  "isSelf": false,
                  "isHost": false,
                  "isSkipSelf": false,
                  "isOptional": false,
                  "isValue": false
                }
              ]
            },
            "identifierIsInstance": false
          },
          "useClass": {
            "class": "Type",
            "name": "NgStyle",
            "moduleUrl": "asset:angular2/lib/src/common/directives/ng_style.dart",
            "prefix": null,
            "isHost": false,
            "value": null,
            "diDeps": [
              {
                "token": {
                  "value": null,
                  "identifier": {
                    "class": "Identifier",
                    "name": "KeyValueDiffers",
                    "moduleUrl": "asset:angular2/lib/src/core/change_detection/differs/keyvalue_differs.dart",
                    "prefix": null,
                    "value": null
                  },
                  "identifierIsInstance": false
                },
                "query": null,
                "viewQuery": null,
                "value": null,
                "isAttribute": false,
                "isSelf": false,
                "isHost": false,
                "isSkipSelf": false,
                "isOptional": false,
                "isValue": false
              },
              {
                "token": {
                  "value": null,
                  "identifier": {
                    "class": "Identifier",
                    "name": "ElementRef",
                    "moduleUrl": "asset:angular2/lib/src/core/linker/element_ref.dart",
                    "prefix": null,
                    "value": null
                  },
                  "identifierIsInstance": false
                },
                "query": null,
                "viewQuery": null,
                "value": null,
                "isAttribute": false,
                "isSelf": false,
                "isHost": false,
                "isSkipSelf": false,
                "isOptional": false,
                "isValue": false
              }
            ]
          },
          "useExisting": null,
          "useValue": null,
          "useFactory": null,
          "useProperty": null,
          "multi": false,
          "deps": null
        },
        {
          "class": "Provider",
          "token": {
            "value": null,
            "identifier": {
              "class": "Type",
              "name": "NgSwitch",
              "moduleUrl": "asset:angular2/lib/src/common/directives/ng_switch.dart",
              "prefix": null,
              "isHost": false,
              "value": null,
              "diDeps": []
            },
            "identifierIsInstance": false
          },
          "useClass": {
            "class": "Type",
            "name": "NgSwitch",
            "moduleUrl": "asset:angular2/lib/src/common/directives/ng_switch.dart",
            "prefix": null,
            "isHost": false,
            "value": null,
            "diDeps": []
          },
          "useExisting": null,
          "useValue": null,
          "useFactory": null,
          "useProperty": null,
          "multi": false,
          "deps": null
        },
        {
          "class": "Provider",
          "token": {
            "value": null,
            "identifier": {
              "class": "Type",
              "name": "NgSwitchWhen",
              "moduleUrl": "asset:angular2/lib/src/common/directives/ng_switch.dart",
              "prefix": null,
              "isHost": false,
              "value": null,
              "diDeps": [
                {
                  "token": {
                    "value": null,
                    "identifier": {
                      "class": "Identifier",
                      "name": "ViewContainerRef",
                      "moduleUrl": "asset:angular2/lib/src/core/linker/view_container_ref.dart",
                      "prefix": null,
                      "value": null
                    },
                    "identifierIsInstance": false
                  },
                  "query": null,
                  "viewQuery": null,
                  "value": null,
                  "isAttribute": false,
                  "isSelf": false,
                  "isHost": false,
                  "isSkipSelf": false,
                  "isOptional": false,
                  "isValue": false
                },
                {
                  "token": {
                    "value": null,
                    "identifier": {
                      "class": "Identifier",
                      "name": "TemplateRef",
                      "moduleUrl": "asset:angular2/lib/src/core/linker/template_ref.dart",
                      "prefix": null,
                      "value": null
                    },
                    "identifierIsInstance": false
                  },
                  "query": null,
                  "viewQuery": null,
                  "value": null,
                  "isAttribute": false,
                  "isSelf": false,
                  "isHost": false,
                  "isSkipSelf": false,
                  "isOptional": false,
                  "isValue": false
                },
                {
                  "token": {
                    "value": null,
                    "identifier": {
                      "class": "Identifier",
                      "name": "NgSwitch",
                      "moduleUrl": "asset:angular2/lib/src/common/directives/ng_switch.dart",
                      "prefix": null,
                      "value": null
                    },
                    "identifierIsInstance": false
                  },
                  "query": null,
                  "viewQuery": null,
                  "value": null,
                  "isAttribute": false,
                  "isSelf": false,
                  "isHost": true,
                  "isSkipSelf": false,
                  "isOptional": false,
                  "isValue": false
                }
              ]
            },
            "identifierIsInstance": false
          },
          "useClass": {
            "class": "Type",
            "name": "NgSwitchWhen",
            "moduleUrl": "asset:angular2/lib/src/common/directives/ng_switch.dart",
            "prefix": null,
            "isHost": false,
            "value": null,
            "diDeps": [
              {
                "token": {
                  "value": null,
                  "identifier": {
                    "class": "Identifier",
                    "name": "ViewContainerRef",
                    "moduleUrl": "asset:angular2/lib/src/core/linker/view_container_ref.dart",
                    "prefix": null,
                    "value": null
                  },
                  "identifierIsInstance": false
                },
                "query": null,
                "viewQuery": null,
                "value": null,
                "isAttribute": false,
                "isSelf": false,
                "isHost": false,
                "isSkipSelf": false,
                "isOptional": false,
                "isValue": false
              },
              {
                "token": {
                  "value": null,
                  "identifier": {
                    "class": "Identifier",
                    "name": "TemplateRef",
                    "moduleUrl": "asset:angular2/lib/src/core/linker/template_ref.dart",
                    "prefix": null,
                    "value": null
                  },
                  "identifierIsInstance": false
                },
                "query": null,
                "viewQuery": null,
                "value": null,
                "isAttribute": false,
                "isSelf": false,
                "isHost": false,
                "isSkipSelf": false,
                "isOptional": false,
                "isValue": false
              },
              {
                "token": {
                  "value": null,
                  "identifier": {
                    "class": "Identifier",
                    "name": "NgSwitch",
                    "moduleUrl": "asset:angular2/lib/src/common/directives/ng_switch.dart",
                    "prefix": null,
                    "value": null
                  },
                  "identifierIsInstance": false
                },
                "query": null,
                "viewQuery": null,
                "value": null,
                "isAttribute": false,
                "isSelf": false,
                "isHost": true,
                "isSkipSelf": false,
                "isOptional": false,
                "isValue": false
              }
            ]
          },
          "useExisting": null,
          "useValue": null,
          "useFactory": null,
          "useProperty": null,
          "multi": false,
          "deps": null
        },
        {
          "class": "Provider",
          "token": {
            "value": null,
            "identifier": {
              "class": "Type",
              "name": "NgSwitchDefault",
              "moduleUrl": "asset:angular2/lib/src/common/directives/ng_switch.dart",
              "prefix": null,
              "isHost": false,
              "value": null,
              "diDeps": [
                {
                  "token": {
                    "value": null,
                    "identifier": {
                      "class": "Identifier",
                      "name": "ViewContainerRef",
                      "moduleUrl": "asset:angular2/lib/src/core/linker/view_container_ref.dart",
                      "prefix": null,
                      "value": null
                    },
                    "identifierIsInstance": false
                  },
                  "query": null,
                  "viewQuery": null,
                  "value": null,
                  "isAttribute": false,
                  "isSelf": false,
                  "isHost": false,
                  "isSkipSelf": false,
                  "isOptional": false,
                  "isValue": false
                },
                {
                  "token": {
                    "value": null,
                    "identifier": {
                      "class": "Identifier",
                      "name": "TemplateRef",
                      "moduleUrl": "asset:angular2/lib/src/core/linker/template_ref.dart",
                      "prefix": null,
                      "value": null
                    },
                    "identifierIsInstance": false
                  },
                  "query": null,
                  "viewQuery": null,
                  "value": null,
                  "isAttribute": false,
                  "isSelf": false,
                  "isHost": false,
                  "isSkipSelf": false,
                  "isOptional": false,
                  "isValue": false
                },
                {
                  "token": {
                    "value": null,
                    "identifier": {
                      "class": "Identifier",
                      "name": "NgSwitch",
                      "moduleUrl": "asset:angular2/lib/src/common/directives/ng_switch.dart",
                      "prefix": null,
                      "value": null
                    },
                    "identifierIsInstance": false
                  },
                  "query": null,
                  "viewQuery": null,
                  "value": null,
                  "isAttribute": false,
                  "isSelf": false,
                  "isHost": true,
                  "isSkipSelf": false,
                  "isOptional": false,
                  "isValue": false
                }
              ]
            },
            "identifierIsInstance": false
          },
          "useClass": {
            "class": "Type",
            "name": "NgSwitchDefault",
            "moduleUrl": "asset:angular2/lib/src/common/directives/ng_switch.dart",
            "prefix": null,
            "isHost": false,
            "value": null,
            "diDeps": [
              {
                "token": {
                  "value": null,
                  "identifier": {
                    "class": "Identifier",
                    "name": "ViewContainerRef",
                    "moduleUrl": "asset:angular2/lib/src/core/linker/view_container_ref.dart",
                    "prefix": null,
                    "value": null
                  },
                  "identifierIsInstance": false
                },
                "query": null,
                "viewQuery": null,
                "value": null,
                "isAttribute": false,
                "isSelf": false,
                "isHost": false,
                "isSkipSelf": false,
                "isOptional": false,
                "isValue": false
              },
              {
                "token": {
                  "value": null,
                  "identifier": {
                    "class": "Identifier",
                    "name": "TemplateRef",
                    "moduleUrl": "asset:angular2/lib/src/core/linker/template_ref.dart",
                    "prefix": null,
                    "value": null
                  },
                  "identifierIsInstance": false
                },
                "query": null,
                "viewQuery": null,
                "value": null,
                "isAttribute": false,
                "isSelf": false,
                "isHost": false,
                "isSkipSelf": false,
                "isOptional": false,
                "isValue": false
              },
              {
                "token": {
                  "value": null,
                  "identifier": {
                    "class": "Identifier",
                    "name": "NgSwitch",
                    "moduleUrl": "asset:angular2/lib/src/common/directives/ng_switch.dart",
                    "prefix": null,
                    "value": null
                  },
                  "identifierIsInstance": false
                },
                "query": null,
                "viewQuery": null,
                "value": null,
                "isAttribute": false,
                "isSelf": false,
                "isHost": true,
                "isSkipSelf": false,
                "isOptional": false,
                "isValue": false
              }
            ]
          },
          "useExisting": null,
          "useValue": null,
          "useFactory": null,
          "useProperty": null,
          "multi": false,
          "deps": null
        },
        {
          "class": "Provider",
          "token": {
            "value": null,
            "identifier": {
              "class": "Type",
              "name": "NgPlural",
              "moduleUrl": "asset:angular2/lib/src/common/directives/ng_plural.dart",
              "prefix": null,
              "isHost": false,
              "value": null,
              "diDeps": [
                {
                  "token": {
                    "value": null,
                    "identifier": {
                      "class": "Identifier",
                      "name": "NgLocalization",
                      "moduleUrl": "asset:angular2/lib/src/common/directives/ng_plural.dart",
                      "prefix": null,
                      "value": null
                    },
                    "identifierIsInstance": false
                  },
                  "query": null,
                  "viewQuery": null,
                  "value": null,
                  "isAttribute": false,
                  "isSelf": false,
                  "isHost": false,
                  "isSkipSelf": false,
                  "isOptional": false,
                  "isValue": false
                }
              ]
            },
            "identifierIsInstance": false
          },
          "useClass": {
            "class": "Type",
            "name": "NgPlural",
            "moduleUrl": "asset:angular2/lib/src/common/directives/ng_plural.dart",
            "prefix": null,
            "isHost": false,
            "value": null,
            "diDeps": [
              {
                "token": {
                  "value": null,
                  "identifier": {
                    "class": "Identifier",
                    "name": "NgLocalization",
                    "moduleUrl": "asset:angular2/lib/src/common/directives/ng_plural.dart",
                    "prefix": null,
                    "value": null
                  },
                  "identifierIsInstance": false
                },
                "query": null,
                "viewQuery": null,
                "value": null,
                "isAttribute": false,
                "isSelf": false,
                "isHost": false,
                "isSkipSelf": false,
                "isOptional": false,
                "isValue": false
              }
            ]
          },
          "useExisting": null,
          "useValue": null,
          "useFactory": null,
          "useProperty": null,
          "multi": false,
          "deps": null
        },
        {
          "class": "Provider",
          "token": {
            "value": null,
            "identifier": {
              "class": "Type",
              "name": "NgPluralCase",
              "moduleUrl": "asset:angular2/lib/src/common/directives/ng_plural.dart",
              "prefix": null,
              "isHost": false,
              "value": null,
              "diDeps": [
                {
                  "token": {
                    "value": "ngPluralCase",
                    "identifier": null,
                    "identifierIsInstance": false
                  },
                  "query": null,
                  "viewQuery": null,
                  "value": null,
                  "isAttribute": true,
                  "isSelf": false,
                  "isHost": false,
                  "isSkipSelf": false,
                  "isOptional": false,
                  "isValue": false
                },
                {
                  "token": {
                    "value": null,
                    "identifier": {
                      "class": "Identifier",
                      "name": "TemplateRef",
                      "moduleUrl": "asset:angular2/lib/src/core/linker/template_ref.dart",
                      "prefix": null,
                      "value": null
                    },
                    "identifierIsInstance": false
                  },
                  "query": null,
                  "viewQuery": null,
                  "value": null,
                  "isAttribute": false,
                  "isSelf": false,
                  "isHost": false,
                  "isSkipSelf": false,
                  "isOptional": false,
                  "isValue": false
                },
                {
                  "token": {
                    "value": null,
                    "identifier": {
                      "class": "Identifier",
                      "name": "ViewContainerRef",
                      "moduleUrl": "asset:angular2/lib/src/core/linker/view_container_ref.dart",
                      "prefix": null,
                      "value": null
                    },
                    "identifierIsInstance": false
                  },
                  "query": null,
                  "viewQuery": null,
                  "value": null,
                  "isAttribute": false,
                  "isSelf": false,
                  "isHost": false,
                  "isSkipSelf": false,
                  "isOptional": false,
                  "isValue": false
                }
              ]
            },
            "identifierIsInstance": false
          },
          "useClass": {
            "class": "Type",
            "name": "NgPluralCase",
            "moduleUrl": "asset:angular2/lib/src/common/directives/ng_plural.dart",
            "prefix": null,
            "isHost": false,
            "value": null,
            "diDeps": [
              {
                "token": {
                  "value": "ngPluralCase",
                  "identifier": null,
                  "identifierIsInstance": false
                },
                "query": null,
                "viewQuery": null,
                "value": null,
                "isAttribute": true,
                "isSelf": false,
                "isHost": false,
                "isSkipSelf": false,
                "isOptional": false,
                "isValue": false
              },
              {
                "token": {
                  "value": null,
                  "identifier": {
                    "class": "Identifier",
                    "name": "TemplateRef",
                    "moduleUrl": "asset:angular2/lib/src/core/linker/template_ref.dart",
                    "prefix": null,
                    "value": null
                  },
                  "identifierIsInstance": false
                },
                "query": null,
                "viewQuery": null,
                "value": null,
                "isAttribute": false,
                "isSelf": false,
                "isHost": false,
                "isSkipSelf": false,
                "isOptional": false,
                "isValue": false
              },
              {
                "token": {
                  "value": null,
                  "identifier": {
                    "class": "Identifier",
                    "name": "ViewContainerRef",
                    "moduleUrl": "asset:angular2/lib/src/core/linker/view_container_ref.dart",
                    "prefix": null,
                    "value": null
                  },
                  "identifierIsInstance": false
                },
                "query": null,
                "viewQuery": null,
                "value": null,
                "isAttribute": false,
                "isSelf": false,
                "isHost": false,
                "isSkipSelf": false,
                "isOptional": false,
                "isValue": false
              }
            ]
          },
          "useExisting": null,
          "useValue": null,
          "useFactory": null,
          "useProperty": null,
          "multi": false,
          "deps": null
        }
      ]
    },
    "NgClass": {
      "class": "Directive",
      "isComponent": false,
      "selector": "[ngClass]",
      "exportAs": null,
      "type": {
        "class": "Type",
        "name": "NgClass",
        "moduleUrl": "asset:angular2/lib/src/common/directives/ng_class.dart",
        "prefix": null,
        "isHost": false,
        "value": null,
        "diDeps": [
          {
            "token": {
              "value": null,
              "identifier": {
                "class": "Identifier",
                "name": "IterableDiffers",
                "moduleUrl": "asset:angular2/lib/src/core/change_detection/differs/iterable_differs.dart",
                "prefix": null,
                "value": null
              },
              "identifierIsInstance": false
            },
            "query": null,
            "viewQuery": null,
            "value": null,
            "isAttribute": false,
            "isSelf": false,
            "isHost": false,
            "isSkipSelf": false,
            "isOptional": false,
            "isValue": false
          },
          {
            "token": {
              "value": null,
              "identifier": {
                "class": "Identifier",
                "name": "KeyValueDiffers",
                "moduleUrl": "asset:angular2/lib/src/core/change_detection/differs/keyvalue_differs.dart",
                "prefix": null,
                "value": null
              },
              "identifierIsInstance": false
            },
            "query": null,
            "viewQuery": null,
            "value": null,
            "isAttribute": false,
            "isSelf": false,
            "isHost": false,
            "isSkipSelf": false,
            "isOptional": false,
            "isValue": false
          },
          {
            "token": {
              "value": null,
              "identifier": {
                "class": "Identifier",
                "name": "ElementRef",
                "moduleUrl": "asset:angular2/lib/src/core/linker/element_ref.dart",
                "prefix": null,
                "value": null
              },
              "identifierIsInstance": false
            },
            "query": null,
            "viewQuery": null,
            "value": null,
            "isAttribute": false,
            "isSelf": false,
            "isHost": false,
            "isSkipSelf": false,
            "isOptional": false,
            "isValue": false
          },
          {
            "token": {
              "value": null,
              "identifier": {
                "class": "Identifier",
                "name": "Renderer",
                "moduleUrl": "asset:angular2/lib/src/core/render/api.dart",
                "prefix": null,
                "value": null
              },
              "identifierIsInstance": false
            },
            "query": null,
            "viewQuery": null,
            "value": null,
            "isAttribute": false,
            "isSelf": false,
            "isHost": false,
            "isSkipSelf": false,
            "isOptional": false,
            "isValue": false
          }
        ]
      },
      "changeDetection": 5,
      "inputs": {
        "rawClass": "ngClass",
        "initialClasses": "class"
      },
      "outputs": {},
      "hostListeners": {},
      "hostProperties": {},
      "hostAttributes": {},
      "lifecycleHooks": [
        2,
        1
      ],
      "template": null,
      "providers": [],
      "viewProviders": [],
      "queries": [],
      "viewQueries": []
    },
    "NgFor": {
      "class": "Directive",
      "isComponent": false,
      "selector": "[ngFor][ngForOf]",
      "exportAs": null,
      "type": {
        "class": "Type",
        "name": "NgFor",
        "moduleUrl": "asset:angular2/lib/src/common/directives/ng_for.dart",
        "prefix": null,
        "isHost": false,
        "value": null,
        "diDeps": [
          {
            "token": {
              "value": null,
              "identifier": {
                "class": "Identifier",
                "name": "ViewContainerRef",
                "moduleUrl": "asset:angular2/lib/src/core/linker/view_container_ref.dart",
                "prefix": null,
                "value": null
              },
              "identifierIsInstance": false
            },
            "query": null,
            "viewQuery": null,
            "value": null,
            "isAttribute": false,
            "isSelf": false,
            "isHost": false,
            "isSkipSelf": false,
            "isOptional": false,
            "isValue": false
          },
          {
            "token": {
              "value": null,
              "identifier": {
                "class": "Identifier",
                "name": "TemplateRef",
                "moduleUrl": "asset:angular2/lib/src/core/linker/template_ref.dart",
                "prefix": null,
                "value": null
              },
              "identifierIsInstance": false
            },
            "query": null,
            "viewQuery": null,
            "value": null,
            "isAttribute": false,
            "isSelf": false,
            "isHost": false,
            "isSkipSelf": false,
            "isOptional": false,
            "isValue": false
          },
          {
            "token": {
              "value": null,
              "identifier": {
                "class": "Identifier",
                "name": "IterableDiffers",
                "moduleUrl": "asset:angular2/lib/src/core/change_detection/differs/iterable_differs.dart",
                "prefix": null,
                "value": null
              },
              "identifierIsInstance": false
            },
            "query": null,
            "viewQuery": null,
            "value": null,
            "isAttribute": false,
            "isSelf": false,
            "isHost": false,
            "isSkipSelf": false,
            "isOptional": false,
            "isValue": false
          },
          {
            "token": {
              "value": null,
              "identifier": {
                "class": "Identifier",
                "name": "ChangeDetectorRef",
                "moduleUrl": "asset:angular2/lib/src/core/change_detection/change_detector_ref.dart",
                "prefix": null,
                "value": null
              },
              "identifierIsInstance": false
            },
            "query": null,
            "viewQuery": null,
            "value": null,
            "isAttribute": false,
            "isSelf": false,
            "isHost": false,
            "isSkipSelf": false,
            "isOptional": false,
            "isValue": false
          }
        ]
      },
      "changeDetection": 5,
      "inputs": {
        "ngForTrackBy": "ngForTrackBy",
        "ngForOf": "ngForOf",
        "ngForTemplate": "ngForTemplate"
      },
      "outputs": {},
      "hostListeners": {},
      "hostProperties": {},
      "hostAttributes": {},
      "lifecycleHooks": [
        2
      ],
      "template": null,
      "providers": [],
      "viewProviders": [],
      "queries": [],
      "viewQueries": []
    },
    "RecordViewTuple": {
      "class": "Identifier",
      "name": "RecordViewTuple",
      "moduleUrl": "asset:angular2/lib/src/common/directives/ng_for.dart",
      "prefix": null,
      "value": null
    },
    "NgIf": {
      "class": "Directive",
      "isComponent": false,
      "selector": "[ngIf]",
      "exportAs": null,
      "type": {
        "class": "Type",
        "name": "NgIf",
        "moduleUrl": "asset:angular2/lib/src/common/directives/ng_if.dart",
        "prefix": null,
        "isHost": false,
        "value": null,
        "diDeps": [
          {
            "token": {
              "value": null,
              "identifier": {
                "class": "Identifier",
                "name": "ViewContainerRef",
                "moduleUrl": "asset:angular2/lib/src/core/linker/view_container_ref.dart",
                "prefix": null,
                "value": null
              },
              "identifierIsInstance": false
            },
            "query": null,
            "viewQuery": null,
            "value": null,
            "isAttribute": false,
            "isSelf": false,
            "isHost": false,
            "isSkipSelf": false,
            "isOptional": false,
            "isValue": false
          },
          {
            "token": {
              "value": null,
              "identifier": {
                "class": "Identifier",
                "name": "TemplateRef",
                "moduleUrl": "asset:angular2/lib/src/core/linker/template_ref.dart",
                "prefix": null,
                "value": null
              },
              "identifierIsInstance": false
            },
            "query": null,
            "viewQuery": null,
            "value": null,
            "isAttribute": false,
            "isSelf": false,
            "isHost": false,
            "isSkipSelf": false,
            "isOptional": false,
            "isValue": false
          }
        ]
      },
      "changeDetection": 5,
      "inputs": {
        "ngIf": "ngIf"
      },
      "outputs": {},
      "hostListeners": {},
      "hostProperties": {},
      "hostAttributes": {},
      "lifecycleHooks": [],
      "template": null,
      "providers": [],
      "viewProviders": [],
      "queries": [],
      "viewQueries": []
    },
    "_CATEGORY_DEFAULT": {
      "class": "Identifier",
      "name": "_CATEGORY_DEFAULT",
      "moduleUrl": "asset:angular2/lib/src/common/directives/ng_plural.dart",
      "prefix": null,
      "value": null
    },
    "NgLocalization": {
      "class": "Identifier",
      "name": "NgLocalization",
      "moduleUrl": "asset:angular2/lib/src/common/directives/ng_plural.dart",
      "prefix": null,
      "value": null
    },
    "NgPluralCase": {
      "class": "Directive",
      "isComponent": false,
      "selector": "[ngPluralCase]",
      "exportAs": null,
      "type": {
        "class": "Type",
        "name": "NgPluralCase",
        "moduleUrl": "asset:angular2/lib/src/common/directives/ng_plural.dart",
        "prefix": null,
        "isHost": false,
        "value": null,
        "diDeps": [
          {
            "token": {
              "value": "ngPluralCase",
              "identifier": null,
              "identifierIsInstance": false
            },
            "query": null,
            "viewQuery": null,
            "value": null,
            "isAttribute": true,
            "isSelf": false,
            "isHost": false,
            "isSkipSelf": false,
            "isOptional": false,
            "isValue": false
          },
          {
            "token": {
              "value": null,
              "identifier": {
                "class": "Identifier",
                "name": "TemplateRef",
                "moduleUrl": "asset:angular2/lib/src/core/linker/template_ref.dart",
                "prefix": null,
                "value": null
              },
              "identifierIsInstance": false
            },
            "query": null,
            "viewQuery": null,
            "value": null,
            "isAttribute": false,
            "isSelf": false,
            "isHost": false,
            "isSkipSelf": false,
            "isOptional": false,
            "isValue": false
          },
          {
            "token": {
              "value": null,
              "identifier": {
                "class": "Identifier",
                "name": "ViewContainerRef",
                "moduleUrl": "asset:angular2/lib/src/core/linker/view_container_ref.dart",
                "prefix": null,
                "value": null
              },
              "identifierIsInstance": false
            },
            "query": null,
            "viewQuery": null,
            "value": null,
            "isAttribute": false,
            "isSelf": false,
            "isHost": false,
            "isSkipSelf": false,
            "isOptional": false,
            "isValue": false
          }
        ]
      },
      "changeDetection": 5,
      "inputs": {},
      "outputs": {},
      "hostListeners": {},
      "hostProperties": {},
      "hostAttributes": {},
      "lifecycleHooks": [],
      "template": null,
      "providers": [],
      "viewProviders": [],
      "queries": [],
      "viewQueries": []
    },
    "NgPlural": {
      "class": "Directive",
      "isComponent": false,
      "selector": "[ngPlural]",
      "exportAs": null,
      "type": {
        "class": "Type",
        "name": "NgPlural",
        "moduleUrl": "asset:angular2/lib/src/common/directives/ng_plural.dart",
        "prefix": null,
        "isHost": false,
        "value": null,
        "diDeps": [
          {
            "token": {
              "value": null,
              "identifier": {
                "class": "Identifier",
                "name": "NgLocalization",
                "moduleUrl": "asset:angular2/lib/src/common/directives/ng_plural.dart",
                "prefix": null,
                "value": null
              },
              "identifierIsInstance": false
            },
            "query": null,
            "viewQuery": null,
            "value": null,
            "isAttribute": false,
            "isSelf": false,
            "isHost": false,
            "isSkipSelf": false,
            "isOptional": false,
            "isValue": false
          }
        ]
      },
      "changeDetection": 5,
      "inputs": {
        "ngPlural": "ngPlural"
      },
      "outputs": {},
      "hostListeners": {},
      "hostProperties": {},
      "hostAttributes": {},
      "lifecycleHooks": [
        4
      ],
      "template": null,
      "providers": [],
      "viewProviders": [],
      "queries": [
        {
          "selectors": [
            {
              "value": null,
              "identifier": {
                "class": "Type",
                "name": "NgPluralCase",
                "moduleUrl": "asset:angular2/lib/src/common/directives/ng_plural.dart",
                "prefix": null,
                "isHost": false,
                "value": null,
                "diDeps": [
                  {
                    "token": {
                      "value": "ngPluralCase",
                      "identifier": null,
                      "identifierIsInstance": false
                    },
                    "query": null,
                    "viewQuery": null,
                    "value": null,
                    "isAttribute": true,
                    "isSelf": false,
                    "isHost": false,
                    "isSkipSelf": false,
                    "isOptional": false,
                    "isValue": false
                  },
                  {
                    "token": {
                      "value": null,
                      "identifier": {
                        "class": "Identifier",
                        "name": "TemplateRef",
                        "moduleUrl": "asset:angular2/lib/src/core/linker/template_ref.dart",
                        "prefix": null,
                        "value": null
                      },
                      "identifierIsInstance": false
                    },
                    "query": null,
                    "viewQuery": null,
                    "value": null,
                    "isAttribute": false,
                    "isSelf": false,
                    "isHost": false,
                    "isSkipSelf": false,
                    "isOptional": false,
                    "isValue": false
                  },
                  {
                    "token": {
                      "value": null,
                      "identifier": {
                        "class": "Identifier",
                        "name": "ViewContainerRef",
                        "moduleUrl": "asset:angular2/lib/src/core/linker/view_container_ref.dart",
                        "prefix": null,
                        "value": null
                      },
                      "identifierIsInstance": false
                    },
                    "query": null,
                    "viewQuery": null,
                    "value": null,
                    "isAttribute": false,
                    "isSelf": false,
                    "isHost": false,
                    "isSkipSelf": false,
                    "isOptional": false,
                    "isValue": false
                  }
                ]
              },
              "identifierIsInstance": false
            }
          ],
          "descendants": false,
          "first": false,
          "propertyName": "cases",
          "read": null
        }
      ],
      "viewQueries": []
    },
    "NgStyle": {
      "class": "Directive",
      "isComponent": false,
      "selector": "[ngStyle]",
      "exportAs": null,
      "type": {
        "class": "Type",
        "name": "NgStyle",
        "moduleUrl": "asset:angular2/lib/src/common/directives/ng_style.dart",
        "prefix": null,
        "isHost": false,
        "value": null,
        "diDeps": [
          {
            "token": {
              "value": null,
              "identifier": {
                "class": "Identifier",
                "name": "KeyValueDiffers",
                "moduleUrl": "asset:angular2/lib/src/core/change_detection/differs/keyvalue_differs.dart",
                "prefix": null,
                "value": null
              },
              "identifierIsInstance": false
            },
            "query": null,
            "viewQuery": null,
            "value": null,
            "isAttribute": false,
            "isSelf": false,
            "isHost": false,
            "isSkipSelf": false,
            "isOptional": false,
            "isValue": false
          },
          {
            "token": {
              "value": null,
              "identifier": {
                "class": "Identifier",
                "name": "ElementRef",
                "moduleUrl": "asset:angular2/lib/src/core/linker/element_ref.dart",
                "prefix": null,
                "value": null
              },
              "identifierIsInstance": false
            },
            "query": null,
            "viewQuery": null,
            "value": null,
            "isAttribute": false,
            "isSelf": false,
            "isHost": false,
            "isSkipSelf": false,
            "isOptional": false,
            "isValue": false
          }
        ]
      },
      "changeDetection": 5,
      "inputs": {
        "rawStyle": "ngStyle"
      },
      "outputs": {},
      "hostListeners": {},
      "hostProperties": {},
      "hostAttributes": {},
      "lifecycleHooks": [
        2
      ],
      "template": null,
      "providers": [],
      "viewProviders": [],
      "queries": [],
      "viewQueries": []
    },
    "_WHEN_DEFAULT": {
      "class": "Identifier",
      "name": "_WHEN_DEFAULT",
      "moduleUrl": "asset:angular2/lib/src/common/directives/ng_switch.dart",
      "prefix": null,
      "value": null
    },
    "SwitchView": {
      "class": "Identifier",
      "name": "SwitchView",
      "moduleUrl": "asset:angular2/lib/src/common/directives/ng_switch.dart",
      "prefix": null,
      "value": null
    },
    "NgSwitch": {
      "class": "Directive",
      "isComponent": false,
      "selector": "[ngSwitch]",
      "exportAs": null,
      "type": {
        "class": "Type",
        "name": "NgSwitch",
        "moduleUrl": "asset:angular2/lib/src/common/directives/ng_switch.dart",
        "prefix": null,
        "isHost": false,
        "value": null,
        "diDeps": []
      },
      "changeDetection": 5,
      "inputs": {
        "ngSwitch": "ngSwitch"
      },
      "outputs": {},
      "hostListeners": {},
      "hostProperties": {},
      "hostAttributes": {},
      "lifecycleHooks": [],
      "template": null,
      "providers": [],
      "viewProviders": [],
      "queries": [],
      "viewQueries": []
    },
    "NgSwitchWhen": {
      "class": "Directive",
      "isComponent": false,
      "selector": "[ngSwitchWhen]",
      "exportAs": null,
      "type": {
        "class": "Type",
        "name": "NgSwitchWhen",
        "moduleUrl": "asset:angular2/lib/src/common/directives/ng_switch.dart",
        "prefix": null,
        "isHost": false,
        "value": null,
        "diDeps": [
          {
            "token": {
              "value": null,
              "identifier": {
                "class": "Identifier",
                "name": "ViewContainerRef",
                "moduleUrl": "asset:angular2/lib/src/core/linker/view_container_ref.dart",
                "prefix": null,
                "value": null
              },
              "identifierIsInstance": false
            },
            "query": null,
            "viewQuery": null,
            "value": null,
            "isAttribute": false,
            "isSelf": false,
            "isHost": false,
            "isSkipSelf": false,
            "isOptional": false,
            "isValue": false
          },
          {
            "token": {
              "value": null,
              "identifier": {
                "class": "Identifier",
                "name": "TemplateRef",
                "moduleUrl": "asset:angular2/lib/src/core/linker/template_ref.dart",
                "prefix": null,
                "value": null
              },
              "identifierIsInstance": false
            },
            "query": null,
            "viewQuery": null,
            "value": null,
            "isAttribute": false,
            "isSelf": false,
            "isHost": false,
            "isSkipSelf": false,
            "isOptional": false,
            "isValue": false
          },
          {
            "token": {
              "value": null,
              "identifier": {
                "class": "Identifier",
                "name": "NgSwitch",
                "moduleUrl": "asset:angular2/lib/src/common/directives/ng_switch.dart",
                "prefix": null,
                "value": null
              },
              "identifierIsInstance": false
            },
            "query": null,
            "viewQuery": null,
            "value": null,
            "isAttribute": false,
            "isSelf": false,
            "isHost": true,
            "isSkipSelf": false,
            "isOptional": false,
            "isValue": false
          }
        ]
      },
      "changeDetection": 5,
      "inputs": {
        "ngSwitchWhen": "ngSwitchWhen"
      },
      "outputs": {},
      "hostListeners": {},
      "hostProperties": {},
      "hostAttributes": {},
      "lifecycleHooks": [],
      "template": null,
      "providers": [],
      "viewProviders": [],
      "queries": [],
      "viewQueries": []
    },
    "NgSwitchDefault": {
      "class": "Directive",
      "isComponent": false,
      "selector": "[ngSwitchDefault]",
      "exportAs": null,
      "type": {
        "class": "Type",
        "name": "NgSwitchDefault",
        "moduleUrl": "asset:angular2/lib/src/common/directives/ng_switch.dart",
        "prefix": null,
        "isHost": false,
        "value": null,
        "diDeps": [
          {
            "token": {
              "value": null,
              "identifier": {
                "class": "Identifier",
                "name": "ViewContainerRef",
                "moduleUrl": "asset:angular2/lib/src/core/linker/view_container_ref.dart",
                "prefix": null,
                "value": null
              },
              "identifierIsInstance": false
            },
            "query": null,
            "viewQuery": null,
            "value": null,
            "isAttribute": false,
            "isSelf": false,
            "isHost": false,
            "isSkipSelf": false,
            "isOptional": false,
            "isValue": false
          },
          {
            "token": {
              "value": null,
              "identifier": {
                "class": "Identifier",
                "name": "TemplateRef",
                "moduleUrl": "asset:angular2/lib/src/core/linker/template_ref.dart",
                "prefix": null,
                "value": null
              },
              "identifierIsInstance": false
            },
            "query": null,
            "viewQuery": null,
            "value": null,
            "isAttribute": false,
            "isSelf": false,
            "isHost": false,
            "isSkipSelf": false,
            "isOptional": false,
            "isValue": false
          },
          {
            "token": {
              "value": null,
              "identifier": {
                "class": "Identifier",
                "name": "NgSwitch",
                "moduleUrl": "asset:angular2/lib/src/common/directives/ng_switch.dart",
                "prefix": null,
                "value": null
              },
              "identifierIsInstance": false
            },
            "query": null,
            "viewQuery": null,
            "value": null,
            "isAttribute": false,
            "isSelf": false,
            "isHost": true,
            "isSkipSelf": false,
            "isOptional": false,
            "isValue": false
          }
        ]
      },
      "changeDetection": 5,
      "inputs": {},
      "outputs": {},
      "hostListeners": {},
      "hostProperties": {},
      "hostAttributes": {},
      "lifecycleHooks": [],
      "template": null,
      "providers": [],
      "viewProviders": [],
      "queries": [],
      "viewQueries": []
    },
    "NgTemplateOutlet": {
      "class": "Directive",
      "isComponent": false,
      "selector": "[ngTemplateOutlet]",
      "exportAs": null,
      "type": {
        "class": "Type",
        "name": "NgTemplateOutlet",
        "moduleUrl": "asset:angular2/lib/src/common/directives/ng_template_outlet.dart",
        "prefix": null,
        "isHost": false,
        "value": null,
        "diDeps": [
          {
            "token": {
              "value": null,
              "identifier": {
                "class": "Identifier",
                "name": "ViewContainerRef",
                "moduleUrl": "asset:angular2/lib/src/core/linker/view_container_ref.dart",
                "prefix": null,
                "value": null
              },
              "identifierIsInstance": false
            },
            "query": null,
            "viewQuery": null,
            "value": null,
            "isAttribute": false,
            "isSelf": false,
            "isHost": false,
            "isSkipSelf": false,
            "isOptional": false,
            "isValue": false
          }
        ]
      },
      "changeDetection": 5,
      "inputs": {
        "ngTemplateOutlet": "ngTemplateOutlet"
      },
      "outputs": {},
      "hostListeners": {},
      "hostProperties": {},
      "hostAttributes": {},
      "lifecycleHooks": [],
      "template": null,
      "providers": [],
      "viewProviders": [],
      "queries": [],
      "viewQueries": []
    },
    "ObservableListDiff": {
      "class": "Identifier",
      "name": "ObservableListDiff",
      "moduleUrl": "asset:angular2/lib/src/common/directives/observable_list_diff.dart",
      "prefix": null,
      "value": null
    },
    "ObservableListDiffFactory": {
      "class": "Identifier",
      "name": "ObservableListDiffFactory",
      "moduleUrl": "asset:angular2/lib/src/common/directives/observable_list_diff.dart",
      "prefix": null,
      "value": null
    }
  },
  "alias": {
    "CORE_DIRECTIVES": [
      "NgClass",
      "NgFor",
      "NgIf",
      "NgTemplateOutlet",
      "NgStyle",
      "NgSwitch",
      "NgSwitchWhen",
      "NgSwitchDefault",
      "NgPlural",
      "NgPluralCase"
    ]
  }
}