{
  "ngDeps": {
    "1": "",
    "3": [
      {
        "1": "forms/directives/radio_control_value_accessor.dart",
        "2": [
          "RadioControlRegistry"
        ],
        "5": false
      },
      {
        "1": "forms/form_builder.dart",
        "2": [
          "FormBuilder"
        ],
        "5": false
      }
    ],
    "4": [
      {
        "1": "forms/directives.dart",
        "2": [
          "FORM_DIRECTIVES",
          "RadioButtonState"
        ]
      },
      {
        "1": "forms/directives/abstract_control_directive.dart",
        "2": [
          "AbstractControlDirective"
        ]
      },
      {
        "1": "forms/directives/checkbox_value_accessor.dart",
        "2": [
          "CheckboxControlValueAccessor"
        ]
      },
      {
        "1": "forms/directives/control_container.dart",
        "2": [
          "ControlContainer"
        ]
      },
      {
        "1": "forms/directives/control_value_accessor.dart",
        "2": [
          "ControlValueAccessor",
          "NG_VALUE_ACCESSOR"
        ]
      },
      {
        "1": "forms/directives/default_value_accessor.dart",
        "2": [
          "DefaultValueAccessor"
        ]
      },
      {
        "1": "forms/directives/form_interface.dart",
        "2": [
          "Form"
        ]
      },
      {
        "1": "forms/directives/ng_control.dart",
        "2": [
          "NgControl"
        ]
      },
      {
        "1": "forms/directives/ng_control_group.dart",
        "2": [
          "NgControlGroup"
        ]
      },
      {
        "1": "forms/directives/ng_control_name.dart",
        "2": [
          "NgControlName"
        ]
      },
      {
        "1": "forms/directives/ng_control_status.dart",
        "2": [
          "NgControlStatus"
        ]
      },
      {
        "1": "forms/directives/ng_form.dart",
        "2": [
          "NgForm"
        ]
      },
      {
        "1": "forms/directives/ng_form_control.dart",
        "2": [
          "NgFormControl"
        ]
      },
      {
        "1": "forms/directives/ng_form_model.dart",
        "2": [
          "NgFormModel"
        ]
      },
      {
        "1": "forms/directives/ng_model.dart",
        "2": [
          "NgModel"
        ]
      },
      {
        "1": "forms/directives/select_control_value_accessor.dart",
        "2": [
          "NgSelectOption",
          "SelectControlValueAccessor"
        ]
      },
      {
        "1": "forms/directives/validators.dart",
        "2": [
          "RequiredValidator",
          "MinLengthValidator",
          "MaxLengthValidator",
          "PatternValidator",
          "Validator"
        ]
      },
      {
        "1": "forms/form_builder.dart",
        "2": [
          "FormBuilder"
        ]
      },
      {
        "1": "forms/model.dart",
        "2": [
          "AbstractControl",
          "Control",
          "ControlGroup",
          "ControlArray"
        ]
      },
      {
        "1": "forms/validators.dart",
        "2": [
          "NG_VALIDATORS",
          "NG_ASYNC_VALIDATORS",
          "Validators"
        ]
      }
    ],
    "6": "forms.dart"
  },
  "type": {
    "FORM_PROVIDERS": {
      "class": "Identifier",
      "name": "FORM_PROVIDERS",
      "moduleUrl": "asset:angular2/lib/src/common/forms.dart",
      "prefix": null,
      "value": [
        {
          "class": "Identifier",
          "name": "FormBuilder",
          "moduleUrl": null,
          "prefix": null,
          "value": null
        },
        {
          "class": "Identifier",
          "name": "RadioControlRegistry",
          "moduleUrl": null,
          "prefix": null,
          "value": null
        }
      ]
    },
    "FORM_BINDINGS": {
      "class": "Identifier",
      "name": "FORM_BINDINGS",
      "moduleUrl": "asset:angular2/lib/src/common/forms.dart",
      "prefix": null,
      "value": null
    }
  },
  "alias": {
    "FORM_PROVIDERS": [
      "FormBuilder",
      "RadioControlRegistry"
    ]
  }
}