{
  "ngDeps": {
    "1": "",
    "3": [
      {
        "1": "../template_ast.dart",
        "2": [
          "TemplateAst"
        ],
        "5": false
      },
      {
        "1": "compile_element.dart",
        "2": [
          "CompileNode"
        ],
        "5": false
      }
    ],
    "6": "compile_binding.dart",
    "7": [
      {
        "1": "../template_ast.template.dart",
        "4": "i0"
      },
      {
        "1": "compile_element.template.dart",
        "4": "i1"
      }
    ]
  },
  "type": {
    "CompileBinding": {
      "class": "Identifier",
      "name": "CompileBinding",
      "moduleUrl": "asset:angular2/lib/src/compiler/view_compiler/compile_binding.dart",
      "prefix": null,
      "value": null
    }
  },
  "alias": {}
}