{
  "ngDeps": {
    "1": "",
    "3": [
      {
        "1": "../output/output_ast.dart",
        "4": "o",
        "5": false
      },
      {
        "1": "../template_ast.dart",
        "2": [
          "TemplateAst"
        ],
        "5": false
      },
      {
        "1": "compile_view.dart",
        "2": [
          "CompileView"
        ],
        "5": false
      }
    ],
    "6": "compile_method.dart"
  },
  "type": {
    "_DebugState": {
      "class": "Identifier",
      "name": "_DebugState",
      "moduleUrl": "asset:angular2/lib/src/compiler/view_compiler/compile_method.dart",
      "prefix": null,
      "value": null
    },
    "CompileMethod": {
      "class": "Identifier",
      "name": "CompileMethod",
      "moduleUrl": "asset:angular2/lib/src/compiler/view_compiler/compile_method.dart",
      "prefix": null,
      "value": null
    }
  },
  "alias": {}
}