{
  "ngDeps": {
    "1": "",
    "3": [
      {
        "1": "../compile_metadata.dart",
        "2": [
          "CompileQueryMetadata",
          "CompileTokenMap"
        ],
        "5": false
      },
      {
        "1": "../identifiers.dart",
        "2": [
          "Identifiers"
        ],
        "5": false
      },
      {
        "1": "../output/output_ast.dart",
        "4": "o",
        "5": false
      },
      {
        "1": "compile_element.dart",
        "2": [
          "CompileElement"
        ],
        "5": false
      },
      {
        "1": "compile_method.dart",
        "2": [
          "CompileMethod"
        ],
        "5": false
      },
      {
        "1": "compile_view.dart",
        "2": [
          "CompileView"
        ],
        "5": false
      },
      {
        "1": "view_compiler_utils.dart",
        "2": [
          "getPropertyInView"
        ],
        "5": false
      }
    ],
    "6": "compile_query.dart",
    "7": [
      {
        "1": "../compile_metadata.template.dart",
        "4": "i0"
      },
      {
        "1": "../identifiers.template.dart",
        "4": "i1"
      },
      {
        "1": "../output/output_ast.template.dart",
        "4": "i2"
      },
      {
        "1": "compile_element.template.dart",
        "4": "i3"
      },
      {
        "1": "compile_method.template.dart",
        "4": "i4"
      },
      {
        "1": "compile_view.template.dart",
        "4": "i5"
      },
      {
        "1": "view_compiler_utils.template.dart",
        "4": "i6"
      }
    ]
  },
  "type": {
    "ViewQueryValues": {
      "class": "Identifier",
      "name": "ViewQueryValues",
      "moduleUrl": "asset:angular2/lib/src/compiler/view_compiler/compile_query.dart",
      "prefix": null,
      "value": null
    },
    "CompileQuery": {
      "class": "Identifier",
      "name": "CompileQuery",
      "moduleUrl": "asset:angular2/lib/src/compiler/view_compiler/compile_query.dart",
      "prefix": null,
      "value": null
    },
    "createQueryValues": {
      "class": "Identifier",
      "name": "createQueryValues",
      "moduleUrl": "asset:angular2/lib/src/compiler/view_compiler/compile_query.dart",
      "prefix": null,
      "value": null
    },
    "mapNestedViews": {
      "class": "Identifier",
      "name": "mapNestedViews",
      "moduleUrl": "asset:angular2/lib/src/compiler/view_compiler/compile_query.dart",
      "prefix": null,
      "value": null
    },
    "createQueryList": {
      "class": "Identifier",
      "name": "createQueryList",
      "moduleUrl": "asset:angular2/lib/src/compiler/view_compiler/compile_query.dart",
      "prefix": null,
      "value": null
    },
    "addQueryToTokenMap": {
      "class": "Identifier",
      "name": "addQueryToTokenMap",
      "moduleUrl": "asset:angular2/lib/src/compiler/view_compiler/compile_query.dart",
      "prefix": null,
      "value": null
    }
  },
  "alias": {}
}