{
  "ngDeps": {
    "1": "",
    "3": [
      {
        "1": "package:angular2/di.dart",
        "2": [
          "Injectable"
        ],
        "5": false
      },
      {
        "1": "../compile_metadata.dart",
        "2": [
          "CompileInjectorModuleMetadata",
          "CompileDiDependencyMetadata",
          "CompileTokenMap",
          "CompileProviderMetadata"
        ],
        "5": false
      },
      {
        "1": "../identifiers.dart",
        "2": [
          "Identifiers",
          "identifierToken"
        ],
        "5": false
      },
      {
        "1": "../output/output_ast.dart",
        "4": "o",
        "5": false
      },
      {
        "1": "../parse_util.dart",
        "2": [
          "ParseSourceSpan",
          "ParseLocation",
          "ParseSourceFile"
        ],
        "5": false
      },
      {
        "1": "../provider_parser.dart",
        "2": [
          "AppProviderParser"
        ],
        "5": false
      },
      {
        "1": "../template_ast.dart",
        "2": [
          "ProviderAst"
        ],
        "5": false
      },
      {
        "1": "constants.dart",
        "2": [
          "InjectMethodVars"
        ],
        "5": false
      },
      {
        "1": "view_compiler_utils.dart",
        "2": [
          "createDiTokenExpression",
          "convertValueToOutputAst"
        ],
        "5": false
      }
    ],
    "5": [
      {
        "1": "InjectorCompiler",
        "4": [
          {
            "1": "Injectable",
            "4": false
          }
        ]
      }
    ],
    "6": "injector_compiler.dart"
  },
  "type": {
    "InjectorCompileResult": {
      "class": "Identifier",
      "name": "InjectorCompileResult",
      "moduleUrl": "asset:angular2/lib/src/compiler/view_compiler/injector_compiler.dart",
      "prefix": null,
      "value": null
    },
    "InjectorCompiler": {
      "class": "Type",
      "name": "InjectorCompiler",
      "moduleUrl": "asset:angular2/lib/src/compiler/view_compiler/injector_compiler.dart",
      "prefix": null,
      "isHost": false,
      "value": null,
      "diDeps": []
    },
    "_InjectorBuilder": {
      "class": "Identifier",
      "name": "_InjectorBuilder",
      "moduleUrl": "asset:angular2/lib/src/compiler/view_compiler/injector_compiler.dart",
      "prefix": null,
      "value": null
    }
  },
  "alias": {}
}