{
  "ngDeps": {
    "1": "",
    "3": [
      {
        "1": "package:angular2/src/core/change_detection/change_detection.dart",
        "2": [
          "ChangeDetectionStrategy",
          "isDefaultChangeDetectionStrategy"
        ],
        "5": false
      },
      {
        "1": "package:angular2/src/core/linker/view_type.dart",
        "2": [
          "ViewType"
        ],
        "5": false
      },
      {
        "1": "package:angular2/src/core/metadata/view.dart",
        "2": [
          "ViewEncapsulation"
        ],
        "5": false
      },
      {
        "1": "../compile_metadata.dart",
        "2": [
          "CompileIdentifierMetadata",
          "CompileDirectiveMetadata"
        ],
        "5": false
      },
      {
        "1": "../identifiers.dart",
        "2": [
          "Identifiers",
          "identifierToken"
        ],
        "5": false
      },
      {
        "1": "../style_compiler.dart",
        "2": [
          "StylesCompileResult"
        ],
        "5": false
      },
      {
        "1": "../output/output_ast.dart",
        "4": "o",
        "5": false
      },
      {
        "1": "../template_ast.dart",
        "2": [
          "TemplateAst",
          "TemplateAstVisitor",
          "NgContentAst",
          "EmbeddedTemplateAst",
          "ElementAst",
          "ReferenceAst",
          "VariableAst",
          "BoundEventAst",
          "BoundElementPropertyAst",
          "AttrAst",
          "BoundTextAst",
          "TextAst",
          "DirectiveAst",
          "BoundDirectivePropertyAst",
          "templateVisitAll"
        ],
        "5": false
      },
      {
        "1": "compile_element.dart",
        "2": [
          "CompileElement",
          "CompileNode"
        ],
        "5": false
      },
      {
        "1": "compile_view.dart",
        "2": [
          "CompileView"
        ],
        "5": false
      },
      {
        "1": "constants.dart",
        "2": [
          "ViewConstructorVars",
          "InjectMethodVars",
          "DetectChangesVars",
          "ViewTypeEnum",
          "ViewEncapsulationEnum",
          "ChangeDetectionStrategyEnum",
          "ViewProperties"
        ],
        "5": false
      },
      {
        "1": "view_compiler_utils.dart",
        "2": [
          "getViewFactoryName",
          "createFlatArray",
          "createDiTokenExpression",
          "NAMESPACE_URIS",
          "createSetAttributeParams",
          "TEMPLATE_COMMENT_TEXT"
        ],
        "5": false
      }
    ],
    "6": "view_builder.dart"
  },
  "type": {
    "IMPLICIT_TEMPLATE_VAR": {
      "class": "Identifier",
      "name": "IMPLICIT_TEMPLATE_VAR",
      "moduleUrl": "asset:angular2/lib/src/compiler/view_compiler/view_builder.dart",
      "prefix": null,
      "value": null
    },
    "CLASS_ATTR": {
      "class": "Identifier",
      "name": "CLASS_ATTR",
      "moduleUrl": "asset:angular2/lib/src/compiler/view_compiler/view_builder.dart",
      "prefix": null,
      "value": null
    },
    "STYLE_ATTR": {
      "class": "Identifier",
      "name": "STYLE_ATTR",
      "moduleUrl": "asset:angular2/lib/src/compiler/view_compiler/view_builder.dart",
      "prefix": null,
      "value": null
    },
    "ViewCompileDependency": {
      "class": "Identifier",
      "name": "ViewCompileDependency",
      "moduleUrl": "asset:angular2/lib/src/compiler/view_compiler/view_builder.dart",
      "prefix": null,
      "value": null
    },
    "ViewBuilderVisitor": {
      "class": "Identifier",
      "name": "ViewBuilderVisitor",
      "moduleUrl": "asset:angular2/lib/src/compiler/view_compiler/view_builder.dart",
      "prefix": null,
      "value": null
    },
    "_mergeHtmlAndDirectiveAttrs": {
      "class": "Identifier",
      "name": "_mergeHtmlAndDirectiveAttrs",
      "moduleUrl": "asset:angular2/lib/src/compiler/view_compiler/view_builder.dart",
      "prefix": null,
      "value": null
    },
    "_readHtmlAttrs": {
      "class": "Identifier",
      "name": "_readHtmlAttrs",
      "moduleUrl": "asset:angular2/lib/src/compiler/view_compiler/view_builder.dart",
      "prefix": null,
      "value": null
    },
    "mergeAttributeValue": {
      "class": "Identifier",
      "name": "mergeAttributeValue",
      "moduleUrl": "asset:angular2/lib/src/compiler/view_compiler/view_builder.dart",
      "prefix": null,
      "value": null
    },
    "mapToKeyValueArray": {
      "class": "Identifier",
      "name": "mapToKeyValueArray",
      "moduleUrl": "asset:angular2/lib/src/compiler/view_compiler/view_builder.dart",
      "prefix": null,
      "value": null
    },
    "createStaticNodeDebugInfo": {
      "class": "Identifier",
      "name": "createStaticNodeDebugInfo",
      "moduleUrl": "asset:angular2/lib/src/compiler/view_compiler/view_builder.dart",
      "prefix": null,
      "value": null
    },
    "createViewClass": {
      "class": "Identifier",
      "name": "createViewClass",
      "moduleUrl": "asset:angular2/lib/src/compiler/view_compiler/view_builder.dart",
      "prefix": null,
      "value": null
    },
    "createViewFactory": {
      "class": "Identifier",
      "name": "createViewFactory",
      "moduleUrl": "asset:angular2/lib/src/compiler/view_compiler/view_builder.dart",
      "prefix": null,
      "value": null
    },
    "generateCreateMethod": {
      "class": "Identifier",
      "name": "generateCreateMethod",
      "moduleUrl": "asset:angular2/lib/src/compiler/view_compiler/view_builder.dart",
      "prefix": null,
      "value": null
    },
    "generateDetectChangesMethod": {
      "class": "Identifier",
      "name": "generateDetectChangesMethod",
      "moduleUrl": "asset:angular2/lib/src/compiler/view_compiler/view_builder.dart",
      "prefix": null,
      "value": null
    },
    "addReturnValuefNotEmpty": {
      "class": "Identifier",
      "name": "addReturnValuefNotEmpty",
      "moduleUrl": "asset:angular2/lib/src/compiler/view_compiler/view_builder.dart",
      "prefix": null,
      "value": null
    },
    "getContextType": {
      "class": "Identifier",
      "name": "getContextType",
      "moduleUrl": "asset:angular2/lib/src/compiler/view_compiler/view_builder.dart",
      "prefix": null,
      "value": null
    },
    "getChangeDetectionMode": {
      "class": "Identifier",
      "name": "getChangeDetectionMode",
      "moduleUrl": "asset:angular2/lib/src/compiler/view_compiler/view_builder.dart",
      "prefix": null,
      "value": null
    },
    "detectHtmlElementFromTagName": {
      "class": "Identifier",
      "name": "detectHtmlElementFromTagName",
      "moduleUrl": "asset:angular2/lib/src/compiler/view_compiler/view_builder.dart",
      "prefix": null,
      "value": null
    }
  },
  "alias": {}
}