{
  "ngDeps": {
    "1": "angular2.platform.browser",
    "3": [
      {
        "1": "dart:async",
        "5": false
      },
      {
        "1": "package:angular2/compiler.dart",
        "2": [
          "COMPILER_PROVIDERS",
          "XHR"
        ],
        "5": false
      },
      {
        "1": "package:angular2/src/compiler/runtime_compiler.dart",
        "2": [
          "RuntimeCompiler"
        ],
        "5": false
      },
      {
        "1": "package:angular2/core.dart",
        "2": [
          "ComponentRef",
          "coreLoadAndBootstrap",
          "reflector",
          "ReflectiveInjector",
          "PlatformRef",
          "getPlatform",
          "createPlatform",
          "assertPlatform"
        ],
        "5": false
      },
      {
        "1": "package:angular2/src/core/di.dart",
        "2": [
          "Provider"
        ],
        "5": false
      },
      {
        "1": "package:angular2/src/core/linker/component_resolver.dart",
        "2": [
          "ComponentResolver"
        ],
        "5": false
      },
      {
        "1": "package:angular2/src/platform/browser/xhr_impl.dart",
        "2": [
          "XHRImpl"
        ],
        "5": false
      },
      {
        "1": "package:angular2/src/platform/browser_common.dart",
        "2": [
          "BROWSER_PROVIDERS",
          "BROWSER_APP_COMMON_PROVIDERS",
          "BROWSER_PLATFORM_MARKER"
        ],
        "5": false
      }
    ],
    "4": [
      {
        "1": "package:angular2/src/core/security.dart",
        "2": [
          "SanitizationService",
          "TemplateSecurityContext"
        ]
      },
      {
        "1": "package:angular2/src/core/angular_entrypoint.dart"
      },
      {
        "1": "package:angular2/src/platform/browser_common.dart",
        "2": [
          "BROWSER_PROVIDERS",
          "CACHED_TEMPLATE_PROVIDER",
          "BROWSER_SANITIZATION_PROVIDERS",
          "BrowserDomAdapter",
          "Title",
          "DOCUMENT",
          "enableDebugTools",
          "disableDebugTools"
        ]
      }
    ],
    "6": "browser.dart"
  },
  "type": {
    "RUNTIME_COMPILER_PROVIDERS": {
      "class": "Identifier",
      "name": "RUNTIME_COMPILER_PROVIDERS",
      "moduleUrl": "asset:angular2/lib/platform/browser.dart",
      "prefix": null,
      "value": [
        {
          "class": "Identifier",
          "name": "RuntimeCompiler",
          "moduleUrl": null,
          "prefix": null,
          "value": null
        },
        {
          "class": "Provider",
          "token": {
            "value": null,
            "identifier": {
              "class": "Identifier",
              "name": "ComponentResolver",
              "moduleUrl": null,
              "prefix": null,
              "value": null
            },
            "identifierIsInstance": false
          },
          "useClass": null,
          "useExisting": {
            "value": null,
            "identifier": {
              "class": "Identifier",
              "name": "RuntimeCompiler",
              "moduleUrl": null,
              "prefix": null,
              "value": null
            },
            "identifierIsInstance": false
          },
          "useValue": null,
          "useFactory": null,
          "useProperty": null,
          "multi": false,
          "deps": null
        }
      ]
    },
    "BROWSER_APP_PROVIDERS": {
      "class": "Identifier",
      "name": "BROWSER_APP_PROVIDERS",
      "moduleUrl": "asset:angular2/lib/platform/browser.dart",
      "prefix": null,
      "value": [
        {
          "class": "Identifier",
          "name": "BROWSER_APP_COMMON_PROVIDERS",
          "moduleUrl": null,
          "prefix": null,
          "value": null
        },
        {
          "class": "Identifier",
          "name": "COMPILER_PROVIDERS",
          "moduleUrl": null,
          "prefix": null,
          "value": null
        },
        {
          "class": "Identifier",
          "name": "RUNTIME_COMPILER_PROVIDERS",
          "moduleUrl": null,
          "prefix": null,
          "value": null
        },
        {
          "class": "Provider",
          "token": {
            "value": null,
            "identifier": {
              "class": "Identifier",
              "name": "XHR",
              "moduleUrl": null,
              "prefix": null,
              "value": null
            },
            "identifierIsInstance": false
          },
          "useClass": {
            "class": "Type",
            "name": "XHRImpl",
            "moduleUrl": null,
            "prefix": null,
            "isHost": false,
            "value": null,
            "diDeps": []
          },
          "useExisting": null,
          "useValue": null,
          "useFactory": null,
          "useProperty": null,
          "multi": false,
          "deps": null
        }
      ]
    },
    "browserPlatform": {
      "class": "Identifier",
      "name": "browserPlatform",
      "moduleUrl": "asset:angular2/lib/platform/browser.dart",
      "prefix": null,
      "value": null
    },
    "bootstrap": {
      "class": "Identifier",
      "name": "bootstrap",
      "moduleUrl": "asset:angular2/lib/platform/browser.dart",
      "prefix": null,
      "value": null
    }
  },
  "alias": {}
}