{
  "ngDeps": {
    "1": "angular2.platform.common_dom",
    "4": [
      {
        "1": "package:angular2/src/platform/dom/dom_adapter.dart",
        "2": [
          "DOM",
          "setRootDomAdapter",
          "DomAdapter"
        ]
      },
      {
        "1": "package:angular2/src/platform/dom/dom_renderer.dart",
        "2": [
          "DomRenderer"
        ]
      },
      {
        "1": "package:angular2/src/platform/dom/dom_tokens.dart",
        "2": [
          "DOCUMENT"
        ]
      },
      {
        "1": "package:angular2/src/platform/dom/events/dom_events.dart",
        "2": [
          "DomEventsPlugin"
        ]
      },
      {
        "1": "package:angular2/src/platform/dom/events/event_manager.dart",
        "2": [
          "EVENT_MANAGER_PLUGINS",
          "EventManager",
          "EventManagerPlugin"
        ]
      },
      {
        "1": "package:angular2/src/platform/dom/shared_styles_host.dart",
        "2": [
          "sharedStylesHost"
        ]
      }
    ],
    "6": "common_dom.dart",
    "7": [
      {
        "1": "package:angular2/src/platform/dom/dom_adapter.template.dart",
        "4": "i0"
      },
      {
        "1": "package:angular2/src/platform/dom/dom_renderer.template.dart",
        "4": "i1"
      },
      {
        "1": "package:angular2/src/platform/dom/dom_tokens.template.dart",
        "4": "i2"
      },
      {
        "1": "package:angular2/src/platform/dom/events/dom_events.template.dart",
        "4": "i3"
      },
      {
        "1": "package:angular2/src/platform/dom/events/event_manager.template.dart",
        "4": "i4"
      },
      {
        "1": "package:angular2/src/platform/dom/shared_styles_host.template.dart",
        "4": "i5"
      }
    ]
  },
  "type": {
    "setRootDomAdapter": {
      "class": "Identifier",
      "name": "setRootDomAdapter",
      "moduleUrl": "asset:angular2/lib/src/platform/dom/dom_adapter.dart",
      "prefix": null,
      "value": null
    },
    "DomAdapter": {
      "class": "Identifier",
      "name": "DomAdapter",
      "moduleUrl": "asset:angular2/lib/src/platform/dom/dom_adapter.dart",
      "prefix": null,
      "value": null
    },
    "NAMESPACE_URIS": {
      "class": "Identifier",
      "name": "NAMESPACE_URIS",
      "moduleUrl": "asset:angular2/lib/src/platform/dom/dom_renderer.dart",
      "prefix": null,
      "value": null
    },
    "DomRootRenderer": {
      "class": "Type",
      "name": "DomRootRenderer",
      "moduleUrl": "asset:angular2/lib/src/platform/dom/dom_renderer.dart",
      "prefix": null,
      "isHost": false,
      "value": null,
      "diDeps": [
        {
          "token": {
            "value": null,
            "identifier": {
              "class": "Identifier",
              "name": "DOCUMENT",
              "moduleUrl": "asset:angular2/lib/src/platform/dom/dom_tokens.dart",
              "prefix": null,
              "value": null
            },
            "identifierIsInstance": false
          },
          "query": null,
          "viewQuery": null,
          "value": null,
          "isAttribute": false,
          "isSelf": false,
          "isHost": false,
          "isSkipSelf": false,
          "isOptional": false,
          "isValue": false
        },
        {
          "token": {
            "value": null,
            "identifier": {
              "class": "Identifier",
              "name": "EventManager",
              "moduleUrl": "asset:angular2/lib/src/platform/dom/events/event_manager.dart",
              "prefix": null,
              "value": null
            },
            "identifierIsInstance": false
          },
          "query": null,
          "viewQuery": null,
          "value": null,
          "isAttribute": false,
          "isSelf": false,
          "isHost": false,
          "isSkipSelf": false,
          "isOptional": false,
          "isValue": false
        }
      ]
    },
    "DomRenderer": {
      "class": "Identifier",
      "name": "DomRenderer",
      "moduleUrl": "asset:angular2/lib/src/platform/dom/dom_renderer.dart",
      "prefix": null,
      "value": null
    },
    "moveNodesAfterSibling": {
      "class": "Identifier",
      "name": "moveNodesAfterSibling",
      "moduleUrl": "asset:angular2/lib/src/platform/dom/dom_renderer.dart",
      "prefix": null,
      "value": null
    },
    "appendNodes": {
      "class": "Identifier",
      "name": "appendNodes",
      "moduleUrl": "asset:angular2/lib/src/platform/dom/dom_renderer.dart",
      "prefix": null,
      "value": null
    },
    "decoratePreventDefault": {
      "class": "Identifier",
      "name": "decoratePreventDefault",
      "moduleUrl": "asset:angular2/lib/src/platform/dom/dom_renderer.dart",
      "prefix": null,
      "value": null
    },
    "splitNamespace": {
      "class": "Identifier",
      "name": "splitNamespace",
      "moduleUrl": "asset:angular2/lib/src/platform/dom/dom_renderer.dart",
      "prefix": null,
      "value": null
    },
    "DOCUMENT": {
      "class": "Identifier",
      "name": "DOCUMENT",
      "moduleUrl": "asset:angular2/lib/src/platform/dom/dom_tokens.dart",
      "prefix": null,
      "value": null
    },
    "DomEventsPlugin": {
      "class": "Type",
      "name": "DomEventsPlugin",
      "moduleUrl": "asset:angular2/lib/src/platform/dom/events/dom_events.dart",
      "prefix": null,
      "isHost": false,
      "value": null,
      "diDeps": []
    },
    "EVENT_MANAGER_PLUGINS": {
      "class": "Identifier",
      "name": "EVENT_MANAGER_PLUGINS",
      "moduleUrl": "asset:angular2/lib/src/platform/dom/events/event_manager.dart",
      "prefix": null,
      "value": null
    },
    "EventManager": {
      "class": "Type",
      "name": "EventManager",
      "moduleUrl": "asset:angular2/lib/src/platform/dom/events/event_manager.dart",
      "prefix": null,
      "isHost": false,
      "value": null,
      "diDeps": [
        {
          "token": {
            "value": null,
            "identifier": {
              "class": "Identifier",
              "name": "EVENT_MANAGER_PLUGINS",
              "moduleUrl": "asset:angular2/lib/src/platform/dom/events/event_manager.dart",
              "prefix": null,
              "value": null
            },
            "identifierIsInstance": false
          },
          "query": null,
          "viewQuery": null,
          "value": null,
          "isAttribute": false,
          "isSelf": false,
          "isHost": false,
          "isSkipSelf": false,
          "isOptional": false,
          "isValue": false
        },
        {
          "token": {
            "value": null,
            "identifier": {
              "class": "Identifier",
              "name": "NgZone",
              "moduleUrl": "asset:angular2/lib/src/core/zone/ng_zone.dart",
              "prefix": null,
              "value": null
            },
            "identifierIsInstance": false
          },
          "query": null,
          "viewQuery": null,
          "value": null,
          "isAttribute": false,
          "isSelf": false,
          "isHost": false,
          "isSkipSelf": false,
          "isOptional": false,
          "isValue": false
        }
      ]
    },
    "EventManagerPlugin": {
      "class": "Identifier",
      "name": "EventManagerPlugin",
      "moduleUrl": "asset:angular2/lib/src/platform/dom/events/event_manager.dart",
      "prefix": null,
      "value": null
    },
    "DomSharedStylesHost": {
      "class": "Identifier",
      "name": "DomSharedStylesHost",
      "moduleUrl": "asset:angular2/lib/src/platform/dom/shared_styles_host.dart",
      "prefix": null,
      "value": null
    }
  },
  "alias": {}
}