{
  "ngDeps": {
    "1": "",
    "3": [
      {
        "1": "package:angular2/src/compiler/chars.dart",
        "2": [
          "isWhitespace",
          "$EOF",
          "$HASH",
          "$TILDA",
          "$CARET",
          "$PERCENT",
          "$$",
          "$_",
          "$COLON",
          "$SQ",
          "$DQ",
          "$EQ",
          "$SLASH",
          "$BACKSLASH",
          "$PERIOD",
          "$STAR",
          "$PLUS",
          "$LPAREN",
          "$RPAREN",
          "$PIPE",
          "$COMMA",
          "$SEMICOLON",
          "$MINUS",
          "$BANG",
          "$QUESTION",
          "$AT",
          "$AMPERSAND",
          "$GT",
          "$a",
          "$A",
          "$z",
          "$Z",
          "$0",
          "$9",
          "$FF",
          "$CR",
          "$LF",
          "$VTAB"
        ],
        "5": false
      },
      {
        "1": "package:angular2/src/facade/exceptions.dart",
        "2": [
          "BaseException"
        ],
        "5": false
      },
      {
        "1": "package:angular2/src/facade/lang.dart",
        "2": [
          "resolveEnumToken"
        ],
        "5": false
      }
    ],
    "4": [
      {
        "1": "package:angular2/src/compiler/chars.dart",
        "2": [
          "$EOF",
          "$AT",
          "$RBRACE",
          "$LBRACE",
          "$LBRACKET",
          "$RBRACKET",
          "$LPAREN",
          "$RPAREN",
          "$COMMA",
          "$COLON",
          "$SEMICOLON",
          "isWhitespace"
        ]
      }
    ],
    "6": "lexer.dart",
    "7": [
      {
        "1": "package:angular2/src/compiler/chars.template.dart",
        "4": "i0"
      },
      {
        "1": "package:angular2/src/facade/exceptions.template.dart",
        "4": "i1"
      },
      {
        "1": "package:angular2/src/facade/lang.template.dart",
        "4": "i2"
      }
    ]
  },
  "type": {
    "CssTokenType": {
      "class": "Identifier",
      "name": "CssTokenType",
      "moduleUrl": "asset:angular2/lib/src/compiler/css/lexer.dart",
      "prefix": null,
      "value": null
    },
    "CssLexerMode": {
      "class": "Identifier",
      "name": "CssLexerMode",
      "moduleUrl": "asset:angular2/lib/src/compiler/css/lexer.dart",
      "prefix": null,
      "value": null
    },
    "LexedCssResult": {
      "class": "Identifier",
      "name": "LexedCssResult",
      "moduleUrl": "asset:angular2/lib/src/compiler/css/lexer.dart",
      "prefix": null,
      "value": null
    },
    "generateErrorMessage": {
      "class": "Identifier",
      "name": "generateErrorMessage",
      "moduleUrl": "asset:angular2/lib/src/compiler/css/lexer.dart",
      "prefix": null,
      "value": null
    },
    "findProblemCode": {
      "class": "Identifier",
      "name": "findProblemCode",
      "moduleUrl": "asset:angular2/lib/src/compiler/css/lexer.dart",
      "prefix": null,
      "value": null
    },
    "CssToken": {
      "class": "Identifier",
      "name": "CssToken",
      "moduleUrl": "asset:angular2/lib/src/compiler/css/lexer.dart",
      "prefix": null,
      "value": null
    },
    "CssLexer": {
      "class": "Identifier",
      "name": "CssLexer",
      "moduleUrl": "asset:angular2/lib/src/compiler/css/lexer.dart",
      "prefix": null,
      "value": null
    },
    "CssScannerError": {
      "class": "Identifier",
      "name": "CssScannerError",
      "moduleUrl": "asset:angular2/lib/src/compiler/css/lexer.dart",
      "prefix": null,
      "value": null
    },
    "_trackWhitespace": {
      "class": "Identifier",
      "name": "_trackWhitespace",
      "moduleUrl": "asset:angular2/lib/src/compiler/css/lexer.dart",
      "prefix": null,
      "value": null
    },
    "CssScanner": {
      "class": "Identifier",
      "name": "CssScanner",
      "moduleUrl": "asset:angular2/lib/src/compiler/css/lexer.dart",
      "prefix": null,
      "value": null
    },
    "isAtKeyword": {
      "class": "Identifier",
      "name": "isAtKeyword",
      "moduleUrl": "asset:angular2/lib/src/compiler/css/lexer.dart",
      "prefix": null,
      "value": null
    },
    "isCharMatch": {
      "class": "Identifier",
      "name": "isCharMatch",
      "moduleUrl": "asset:angular2/lib/src/compiler/css/lexer.dart",
      "prefix": null,
      "value": null
    },
    "isDigit": {
      "class": "Identifier",
      "name": "isDigit",
      "moduleUrl": "asset:angular2/lib/src/compiler/css/lexer.dart",
      "prefix": null,
      "value": null
    },
    "isCommentStart": {
      "class": "Identifier",
      "name": "isCommentStart",
      "moduleUrl": "asset:angular2/lib/src/compiler/css/lexer.dart",
      "prefix": null,
      "value": null
    },
    "isCommentEnd": {
      "class": "Identifier",
      "name": "isCommentEnd",
      "moduleUrl": "asset:angular2/lib/src/compiler/css/lexer.dart",
      "prefix": null,
      "value": null
    },
    "isStringStart": {
      "class": "Identifier",
      "name": "isStringStart",
      "moduleUrl": "asset:angular2/lib/src/compiler/css/lexer.dart",
      "prefix": null,
      "value": null
    },
    "isIdentifierStart": {
      "class": "Identifier",
      "name": "isIdentifierStart",
      "moduleUrl": "asset:angular2/lib/src/compiler/css/lexer.dart",
      "prefix": null,
      "value": null
    },
    "isIdentifierPart": {
      "class": "Identifier",
      "name": "isIdentifierPart",
      "moduleUrl": "asset:angular2/lib/src/compiler/css/lexer.dart",
      "prefix": null,
      "value": null
    },
    "isValidPseudoSelectorCharacter": {
      "class": "Identifier",
      "name": "isValidPseudoSelectorCharacter",
      "moduleUrl": "asset:angular2/lib/src/compiler/css/lexer.dart",
      "prefix": null,
      "value": null
    },
    "isValidKeyframeBlockCharacter": {
      "class": "Identifier",
      "name": "isValidKeyframeBlockCharacter",
      "moduleUrl": "asset:angular2/lib/src/compiler/css/lexer.dart",
      "prefix": null,
      "value": null
    },
    "isValidAttributeSelectorCharacter": {
      "class": "Identifier",
      "name": "isValidAttributeSelectorCharacter",
      "moduleUrl": "asset:angular2/lib/src/compiler/css/lexer.dart",
      "prefix": null,
      "value": null
    },
    "isValidSelectorCharacter": {
      "class": "Identifier",
      "name": "isValidSelectorCharacter",
      "moduleUrl": "asset:angular2/lib/src/compiler/css/lexer.dart",
      "prefix": null,
      "value": null
    },
    "isValidStyleBlockCharacter": {
      "class": "Identifier",
      "name": "isValidStyleBlockCharacter",
      "moduleUrl": "asset:angular2/lib/src/compiler/css/lexer.dart",
      "prefix": null,
      "value": null
    },
    "isValidMediaQueryRuleCharacter": {
      "class": "Identifier",
      "name": "isValidMediaQueryRuleCharacter",
      "moduleUrl": "asset:angular2/lib/src/compiler/css/lexer.dart",
      "prefix": null,
      "value": null
    },
    "isValidAtRuleCharacter": {
      "class": "Identifier",
      "name": "isValidAtRuleCharacter",
      "moduleUrl": "asset:angular2/lib/src/compiler/css/lexer.dart",
      "prefix": null,
      "value": null
    },
    "isValidStyleFunctionCharacter": {
      "class": "Identifier",
      "name": "isValidStyleFunctionCharacter",
      "moduleUrl": "asset:angular2/lib/src/compiler/css/lexer.dart",
      "prefix": null,
      "value": null
    },
    "isValidBlockCharacter": {
      "class": "Identifier",
      "name": "isValidBlockCharacter",
      "moduleUrl": "asset:angular2/lib/src/compiler/css/lexer.dart",
      "prefix": null,
      "value": null
    },
    "isValidCssCharacter": {
      "class": "Identifier",
      "name": "isValidCssCharacter",
      "moduleUrl": "asset:angular2/lib/src/compiler/css/lexer.dart",
      "prefix": null,
      "value": null
    },
    "charCode": {
      "class": "Identifier",
      "name": "charCode",
      "moduleUrl": "asset:angular2/lib/src/compiler/css/lexer.dart",
      "prefix": null,
      "value": null
    },
    "charStr": {
      "class": "Identifier",
      "name": "charStr",
      "moduleUrl": "asset:angular2/lib/src/compiler/css/lexer.dart",
      "prefix": null,
      "value": null
    },
    "isNewline": {
      "class": "Identifier",
      "name": "isNewline",
      "moduleUrl": "asset:angular2/lib/src/compiler/css/lexer.dart",
      "prefix": null,
      "value": null
    },
    "$EOF": {
      "class": "Identifier",
      "name": "$EOF",
      "moduleUrl": "asset:angular2/lib/src/compiler/chars.dart",
      "prefix": null,
      "value": null
    },
    "$TAB": {
      "class": "Identifier",
      "name": "$TAB",
      "moduleUrl": "asset:angular2/lib/src/compiler/chars.dart",
      "prefix": null,
      "value": null
    },
    "$LF": {
      "class": "Identifier",
      "name": "$LF",
      "moduleUrl": "asset:angular2/lib/src/compiler/chars.dart",
      "prefix": null,
      "value": null
    },
    "$VTAB": {
      "class": "Identifier",
      "name": "$VTAB",
      "moduleUrl": "asset:angular2/lib/src/compiler/chars.dart",
      "prefix": null,
      "value": null
    },
    "$FF": {
      "class": "Identifier",
      "name": "$FF",
      "moduleUrl": "asset:angular2/lib/src/compiler/chars.dart",
      "prefix": null,
      "value": null
    },
    "$CR": {
      "class": "Identifier",
      "name": "$CR",
      "moduleUrl": "asset:angular2/lib/src/compiler/chars.dart",
      "prefix": null,
      "value": null
    },
    "$SPACE": {
      "class": "Identifier",
      "name": "$SPACE",
      "moduleUrl": "asset:angular2/lib/src/compiler/chars.dart",
      "prefix": null,
      "value": null
    },
    "$BANG": {
      "class": "Identifier",
      "name": "$BANG",
      "moduleUrl": "asset:angular2/lib/src/compiler/chars.dart",
      "prefix": null,
      "value": null
    },
    "$DQ": {
      "class": "Identifier",
      "name": "$DQ",
      "moduleUrl": "asset:angular2/lib/src/compiler/chars.dart",
      "prefix": null,
      "value": null
    },
    "$HASH": {
      "class": "Identifier",
      "name": "$HASH",
      "moduleUrl": "asset:angular2/lib/src/compiler/chars.dart",
      "prefix": null,
      "value": null
    },
    "$$": {
      "class": "Identifier",
      "name": "$$",
      "moduleUrl": "asset:angular2/lib/src/compiler/chars.dart",
      "prefix": null,
      "value": null
    },
    "$PERCENT": {
      "class": "Identifier",
      "name": "$PERCENT",
      "moduleUrl": "asset:angular2/lib/src/compiler/chars.dart",
      "prefix": null,
      "value": null
    },
    "$AMPERSAND": {
      "class": "Identifier",
      "name": "$AMPERSAND",
      "moduleUrl": "asset:angular2/lib/src/compiler/chars.dart",
      "prefix": null,
      "value": null
    },
    "$SQ": {
      "class": "Identifier",
      "name": "$SQ",
      "moduleUrl": "asset:angular2/lib/src/compiler/chars.dart",
      "prefix": null,
      "value": null
    },
    "$LPAREN": {
      "class": "Identifier",
      "name": "$LPAREN",
      "moduleUrl": "asset:angular2/lib/src/compiler/chars.dart",
      "prefix": null,
      "value": null
    },
    "$RPAREN": {
      "class": "Identifier",
      "name": "$RPAREN",
      "moduleUrl": "asset:angular2/lib/src/compiler/chars.dart",
      "prefix": null,
      "value": null
    },
    "$STAR": {
      "class": "Identifier",
      "name": "$STAR",
      "moduleUrl": "asset:angular2/lib/src/compiler/chars.dart",
      "prefix": null,
      "value": null
    },
    "$PLUS": {
      "class": "Identifier",
      "name": "$PLUS",
      "moduleUrl": "asset:angular2/lib/src/compiler/chars.dart",
      "prefix": null,
      "value": null
    },
    "$COMMA": {
      "class": "Identifier",
      "name": "$COMMA",
      "moduleUrl": "asset:angular2/lib/src/compiler/chars.dart",
      "prefix": null,
      "value": null
    },
    "$MINUS": {
      "class": "Identifier",
      "name": "$MINUS",
      "moduleUrl": "asset:angular2/lib/src/compiler/chars.dart",
      "prefix": null,
      "value": null
    },
    "$PERIOD": {
      "class": "Identifier",
      "name": "$PERIOD",
      "moduleUrl": "asset:angular2/lib/src/compiler/chars.dart",
      "prefix": null,
      "value": null
    },
    "$SLASH": {
      "class": "Identifier",
      "name": "$SLASH",
      "moduleUrl": "asset:angular2/lib/src/compiler/chars.dart",
      "prefix": null,
      "value": null
    },
    "$COLON": {
      "class": "Identifier",
      "name": "$COLON",
      "moduleUrl": "asset:angular2/lib/src/compiler/chars.dart",
      "prefix": null,
      "value": null
    },
    "$SEMICOLON": {
      "class": "Identifier",
      "name": "$SEMICOLON",
      "moduleUrl": "asset:angular2/lib/src/compiler/chars.dart",
      "prefix": null,
      "value": null
    },
    "$LT": {
      "class": "Identifier",
      "name": "$LT",
      "moduleUrl": "asset:angular2/lib/src/compiler/chars.dart",
      "prefix": null,
      "value": null
    },
    "$EQ": {
      "class": "Identifier",
      "name": "$EQ",
      "moduleUrl": "asset:angular2/lib/src/compiler/chars.dart",
      "prefix": null,
      "value": null
    },
    "$GT": {
      "class": "Identifier",
      "name": "$GT",
      "moduleUrl": "asset:angular2/lib/src/compiler/chars.dart",
      "prefix": null,
      "value": null
    },
    "$QUESTION": {
      "class": "Identifier",
      "name": "$QUESTION",
      "moduleUrl": "asset:angular2/lib/src/compiler/chars.dart",
      "prefix": null,
      "value": null
    },
    "$0": {
      "class": "Identifier",
      "name": "$0",
      "moduleUrl": "asset:angular2/lib/src/compiler/chars.dart",
      "prefix": null,
      "value": null
    },
    "$9": {
      "class": "Identifier",
      "name": "$9",
      "moduleUrl": "asset:angular2/lib/src/compiler/chars.dart",
      "prefix": null,
      "value": null
    },
    "$A": {
      "class": "Identifier",
      "name": "$A",
      "moduleUrl": "asset:angular2/lib/src/compiler/chars.dart",
      "prefix": null,
      "value": null
    },
    "$E": {
      "class": "Identifier",
      "name": "$E",
      "moduleUrl": "asset:angular2/lib/src/compiler/chars.dart",
      "prefix": null,
      "value": null
    },
    "$Z": {
      "class": "Identifier",
      "name": "$Z",
      "moduleUrl": "asset:angular2/lib/src/compiler/chars.dart",
      "prefix": null,
      "value": null
    },
    "$LBRACKET": {
      "class": "Identifier",
      "name": "$LBRACKET",
      "moduleUrl": "asset:angular2/lib/src/compiler/chars.dart",
      "prefix": null,
      "value": null
    },
    "$BACKSLASH": {
      "class": "Identifier",
      "name": "$BACKSLASH",
      "moduleUrl": "asset:angular2/lib/src/compiler/chars.dart",
      "prefix": null,
      "value": null
    },
    "$RBRACKET": {
      "class": "Identifier",
      "name": "$RBRACKET",
      "moduleUrl": "asset:angular2/lib/src/compiler/chars.dart",
      "prefix": null,
      "value": null
    },
    "$CARET": {
      "class": "Identifier",
      "name": "$CARET",
      "moduleUrl": "asset:angular2/lib/src/compiler/chars.dart",
      "prefix": null,
      "value": null
    },
    "$_": {
      "class": "Identifier",
      "name": "$_",
      "moduleUrl": "asset:angular2/lib/src/compiler/chars.dart",
      "prefix": null,
      "value": null
    },
    "$a": {
      "class": "Identifier",
      "name": "$a",
      "moduleUrl": "asset:angular2/lib/src/compiler/chars.dart",
      "prefix": null,
      "value": null
    },
    "$e": {
      "class": "Identifier",
      "name": "$e",
      "moduleUrl": "asset:angular2/lib/src/compiler/chars.dart",
      "prefix": null,
      "value": null
    },
    "$f": {
      "class": "Identifier",
      "name": "$f",
      "moduleUrl": "asset:angular2/lib/src/compiler/chars.dart",
      "prefix": null,
      "value": null
    },
    "$n": {
      "class": "Identifier",
      "name": "$n",
      "moduleUrl": "asset:angular2/lib/src/compiler/chars.dart",
      "prefix": null,
      "value": null
    },
    "$r": {
      "class": "Identifier",
      "name": "$r",
      "moduleUrl": "asset:angular2/lib/src/compiler/chars.dart",
      "prefix": null,
      "value": null
    },
    "$t": {
      "class": "Identifier",
      "name": "$t",
      "moduleUrl": "asset:angular2/lib/src/compiler/chars.dart",
      "prefix": null,
      "value": null
    },
    "$u": {
      "class": "Identifier",
      "name": "$u",
      "moduleUrl": "asset:angular2/lib/src/compiler/chars.dart",
      "prefix": null,
      "value": null
    },
    "$v": {
      "class": "Identifier",
      "name": "$v",
      "moduleUrl": "asset:angular2/lib/src/compiler/chars.dart",
      "prefix": null,
      "value": null
    },
    "$z": {
      "class": "Identifier",
      "name": "$z",
      "moduleUrl": "asset:angular2/lib/src/compiler/chars.dart",
      "prefix": null,
      "value": null
    },
    "$LBRACE": {
      "class": "Identifier",
      "name": "$LBRACE",
      "moduleUrl": "asset:angular2/lib/src/compiler/chars.dart",
      "prefix": null,
      "value": null
    },
    "$BAR": {
      "class": "Identifier",
      "name": "$BAR",
      "moduleUrl": "asset:angular2/lib/src/compiler/chars.dart",
      "prefix": null,
      "value": null
    },
    "$RBRACE": {
      "class": "Identifier",
      "name": "$RBRACE",
      "moduleUrl": "asset:angular2/lib/src/compiler/chars.dart",
      "prefix": null,
      "value": null
    },
    "$NBSP": {
      "class": "Identifier",
      "name": "$NBSP",
      "moduleUrl": "asset:angular2/lib/src/compiler/chars.dart",
      "prefix": null,
      "value": null
    },
    "$PIPE": {
      "class": "Identifier",
      "name": "$PIPE",
      "moduleUrl": "asset:angular2/lib/src/compiler/chars.dart",
      "prefix": null,
      "value": null
    },
    "$TILDA": {
      "class": "Identifier",
      "name": "$TILDA",
      "moduleUrl": "asset:angular2/lib/src/compiler/chars.dart",
      "prefix": null,
      "value": null
    },
    "$AT": {
      "class": "Identifier",
      "name": "$AT",
      "moduleUrl": "asset:angular2/lib/src/compiler/chars.dart",
      "prefix": null,
      "value": null
    },
    "isWhitespace": {
      "class": "Identifier",
      "name": "isWhitespace",
      "moduleUrl": "asset:angular2/lib/src/compiler/chars.dart",
      "prefix": null,
      "value": null
    }
  },
  "alias": {}
}